accepted_name,taxon_name,reported_names,genus,family,subfamily,taxon_rank,accepted_name_authorship,taxon_id,accepted_taxon_id,taxa_taxon_list_id,occurrence_count,location_count,location_ids,location_names,cd_nom,cd_ref,taxref_scientific_name,taxref_accepted_name,taxref_rank,taxref_family,taxref_order,taxref_status,taxref_vernacular_fr,taxref_match_type,taxref_match_note,inpn_url
Acronicta cuspis / tridens / psi,Acronicta cuspis / tridens / psi,Acronicta cuspis / tridens / psi,,,,Species aggregate,,,,572055,3,3,396712 | 396800 | 397629,Piège 2 - aulnaie - marais de Saône | Bure - Oeuf | Maire 1,,,,,,,,,,non_applicable,agregat / complexe d'especes,
Amphipyra berbera/pyramidea,Amphipyra berbera/pyramidea,Amphipyra berbera/pyramidea,,,,Species aggregate,,,,572196,1,1,396585,Montmain 2,,,,,,,,,,non_applicable,agregat / complexe d'especes,
Aplocera efformata/plagiata,Aplocera efformata/plagiata,Aplocera efformata/plagiata,,,,Species aggregate,,,,572218,2,2,395441 | 395764,côte de Mancy (Lons-le-Saunier) | Voutenay_Thalsansoeufs02,,,,,,,,,,non_applicable,agregat / complexe d'especes,
Aplocera spec.,Aplocera spec.,Aplocera spec.,,,,Genus,,,,572077,4,4,395441 | 396800 | 397620 | 399055,côte de Mancy (Lons-le-Saunier) | Bure - Oeuf | Mesves_IDB1 | Sous_col_mantet,210452,210452,"Aplocera Stephens, 1827","Aplocera Stephens, 1827",genus,Geometridae,Lepidoptera,Accepted,,Exact,match sur le nom epure 'Aplocera',https://inpn.mnhn.fr/espece/cd_nom/210452
Coleophora spec.,Coleophora spec.,Coleophora spec.,,,,Genus,,,,572092,1,1,399051,Solanetta_rnn_mantet,210264,210264,"Coleophora Hübner, 1822","Coleophora Hübner, 1822",genus,Coleophoridae,Lepidoptera,Accepted,,Exact,match sur le nom epure 'Coleophora',https://inpn.mnhn.fr/espece/cd_nom/210264
Crambidae indet.,Crambidae indet.,Crambidae indet.,,,,Family,,,,572094,2,2,395764 | 397624,Voutenay_Thalsansoeufs02 | Mesves_IDB2,200681,200681,"Crambidae Latreille, 1810","Crambidae Latreille, 1810",family,Crambidae,Lepidoptera,Accepted,,Exact,match sur le nom epure 'Crambidae',https://inpn.mnhn.fr/espece/cd_nom/200681
Dioryctria spec.,Dioryctria spec.,Dioryctria spec.,,,,Genus,,,,572099,1,1,399051,Solanetta_rnn_mantet,211315,211315,"Dioryctria Zeller, 1846","Dioryctria Zeller, 1846",genus,Pyralidae,Lepidoptera,Accepted,,Exact,match sur le nom epure 'Dioryctria',https://inpn.mnhn.fr/espece/cd_nom/211315
Epirrita spec.,Epirrita spec.,Epirrita spec.,,,,Genus,,,,572110,1,1,395764,Voutenay_Thalsansoeufs02,210689,210689,"Epirrita Hübner, 1822","Epirrita Hübner, 1822",genus,Geometridae,Lepidoptera,Accepted,,Exact,match sur le nom epure 'Epirrita',https://inpn.mnhn.fr/espece/cd_nom/210689
Eupithecia spec.,Eupithecia spec.,Eupithecia spec.,,,,Genus,,,,572116,1,1,397630,Maire 2,210673,210673,"Eupithecia Curtis, 1825","Eupithecia Curtis, 1825",genus,Geometridae,Lepidoptera,Accepted,,Exact,match sur le nom epure 'Eupithecia',https://inpn.mnhn.fr/espece/cd_nom/210673
Gelechiidae indet.,Gelechiidae indet.,Gelechiidae indet.,,,,Family,,,,572117,1,1,395764,Voutenay_Thalsansoeufs02,185251,185251,"Gelechiidae Stainton, 1854","Gelechiidae Stainton, 1854",family,Gelechiidae,Lepidoptera,Accepted,,Exact,match sur le nom epure 'Gelechiidae',https://inpn.mnhn.fr/espece/cd_nom/185251
Geometridae indet.,Geometridae indet.,Geometridae indet.,,,,Family,,,,572118,1,1,395812,La Truchère_dunes_boite_oeuf,185259,185259,"Geometridae Leach, 1815","Geometridae Leach, 1815",family,Geometridae,Lepidoptera,Accepted,,Exact,match sur le nom epure 'Geometridae',https://inpn.mnhn.fr/espece/cd_nom/185259
Heterocera indet.,Heterocera indet.,Heterocera indet.,,,,Suborder,,,,572040,10,9,395441 | 395764 | 395813 | 395878 | 396714 | 396795 | 397620 | 397624 | 399051,côte de Mancy (Lons-le-Saunier) | Voutenay_Thalsansoeufs02 | La Truchère_tourbière | Piège 1 - boisement feuillus jeunes - Sauvagney | Piège 1 - boisement feuillus jeunes - Sauvagney | Bure - sans-oeuf | Mesves_IDB1 | Mesves_IDB2 | Solanetta_rnn_mantet,,,,,,,,,,non_applicable,groupe informel sans cd_nom TAXREF,
Hoplodrina ambigua/blanda/octogenaria,Hoplodrina ambigua/blanda/octogenaria,Hoplodrina ambigua/blanda/octogenaria,,,,Species aggregate,,,,572230,1,1,395885,Comolle 1,,,,,,,,,,non_applicable,agregat / complexe d'especes,
Hoplodrina sp.,Hoplodrina sp.,Hoplodrina sp.,,,,Genus,,,,572121,1,1,396712,Piège 2 - aulnaie - marais de Saône,210971,210971,"Hoplodrina Boursin, 1937","Hoplodrina Boursin, 1937",genus,Noctuidae,Lepidoptera,Accepted,,Exact,match sur le nom epure 'Hoplodrina',https://inpn.mnhn.fr/espece/cd_nom/210971
Mesapamea secalella/secalis,Mesapamea secalella/secalis,Mesapamea secalella/secalis,,,,Species aggregate,,,,572182,5,5,395447 | 395885 | 396584 | 396585 | 397630,Sur Mancy (Macornay) | Comolle 1 | Montmain 1 | Montmain 2 | Maire 2,,,,,,,,,,non_applicable,agregat / complexe d'especes,
Microlepidoptera indet.,Microlepidoptera indet.,Microlepidoptera indet.,,,,Species group,,,,572041,2,2,395725 | 399051,Voutenay_ThalOeufs | Solanetta_rnn_mantet,,,,,,,,,,non_applicable,groupe informel sans cd_nom TAXREF,
Mythimna sicula,Mythimna sicula,Mythimna sicula,,,,Species,"(Treitschke, 1835)",,,571911,5,2,395725 | 395764,Voutenay_ThalOeufs | Voutenay_Thalsansoeufs02,249555,249555,"Mythimna sicula (Treitschke, 1835)","Mythimna sicula (Treitschke, 1835)",species,Noctuidae,Lepidoptera,Accepted,,Exact,,https://inpn.mnhn.fr/espece/cd_nom/249555
Noctua janthe/janthina,Noctua janthe/janthina,Noctua janthe/janthina,,,,Species aggregate,,,,572178,9,6,395441 | 395447 | 395813 | 395885 | 395886 | 399051,côte de Mancy (Lons-le-Saunier) | Sur Mancy (Macornay) | La Truchère_tourbière | Comolle 1 | Comolle 2 | Solanetta_rnn_mantet,,,,,,,,,,non_applicable,agregat / complexe d'especes,
Oligia spec.,Oligia spec.,Oligia spec.,,,,Genus,,,,572136,2,2,395441 | 399055,côte de Mancy (Lons-le-Saunier) | Sous_col_mantet,211159,211159,"Oligia Hübner, 1821","Oligia Hübner, 1821",genus,Noctuidae,Lepidoptera,Accepted,,Exact,match sur le nom epure 'Oligia',https://inpn.mnhn.fr/espece/cd_nom/211159
Scoparia/Eudonia spec.,Scoparia/Eudonia spec.,Scoparia/Eudonia spec.,,,,Genus,,,,572151,7,7,395447 | 395725 | 395764 | 395768 | 395878 | 396020 | 399051,Sur Mancy (Macornay) | Voutenay_ThalOeufs | Voutenay_Thalsansoeufs02 | ZA 2 vide | Piège 1 - boisement feuillus jeunes - Sauvagney | Remoray forêt1 vide | Solanetta_rnn_mantet,,,,,,,,,,non_applicable,agregat / complexe d'especes,
Thera spec.,Thera spec.,Thera spec.,,,,Genus,,,,572167,4,2,397629 | 397630,Maire 1 | Maire 2,210456,210456,"Thera Stephens, 1831","Thera Stephens, 1831",genus,Geometridae,Lepidoptera,Accepted,,Exact,match sur le nom epure 'Thera',https://inpn.mnhn.fr/espece/cd_nom/210456
Tortricidae indet.,Tortricidae indet.,Tortricidae indet.,,,,Family,,,,572170,1,1,396020,Remoray forêt1 vide,185313,185313,"Tortricidae Latreille, 1802","Tortricidae Latreille, 1802",family,Tortricidae,Lepidoptera,Accepted,,Exact,match sur le nom epure 'Tortricidae',https://inpn.mnhn.fr/espece/cd_nom/185313
Unknown,Unknown,Unknown,,,,,,,,538737,18,8,395725 | 395764 | 396795 | 396800 | 397620 | 397624 | 398134 | 399051,Voutenay_ThalOeufs | Voutenay_Thalsansoeufs02 | Bure - sans-oeuf | Bure - Oeuf | Mesves_IDB1 | Mesves_IDB2 | THALERA_EYNE_2_boite_oeuf | Solanetta_rnn_mantet,,,,,,,,,,non_applicable,nom non identifiable,
Yponomeuta spec.,Yponomeuta spec.,Yponomeuta spec.,,,,Genus,,,,572173,4,4,395447 | 395767 | 397620 | 397624,Sur Mancy (Macornay) | ZA 1 Oeufs | Mesves_IDB1 | Mesves_IDB2,211660,211660,"Yponomeuta Latreille, 1796","Yponomeuta Latreille, 1796",genus,Yponomeutidae,Lepidoptera,Accepted,,Exact,match sur le nom epure 'Yponomeuta',https://inpn.mnhn.fr/espece/cd_nom/211660
Diurnea fagella,Diurnea fagella,Diurnea fagella,Diurnea,Chimabachidae,,Species,"([DENIS & SCHIFFERMÜLLER], 1775)",EBMSM0000000004675,EBMSM0000000004675,450907,2,2,396020 | 396022,Remoray forêt1 vide | Remoray forêt2 oeufs,246170,246170,"Diurnea fagella (Denis & Schiffermüller, 1775)","Diurnea fagella (Denis & Schiffermüller, 1775)",species,Lypusidae,Lepidoptera,Accepted,,Exact,,https://inpn.mnhn.fr/espece/cd_nom/246170
Dyspessa ulula,Dyspessa ulula,Dyspessa ulula,Dyspessa,Cossidae,Cossinae,Species,"(BORKHAUSEN, 1790)",EBMSM0000000008594,EBMSM0000000008594,454826,2,2,395725 | 395764,Voutenay_ThalOeufs | Voutenay_Thalsansoeufs02,247138,247138,"Dyspessa ulula (Borkhausen, 1790)","Dyspessa ulula (Borkhausen, 1790)",species,Cossidae,Lepidoptera,Accepted,,Exact,,https://inpn.mnhn.fr/espece/cd_nom/247138
Acentria ephemerella,Acentria ephemerella,Acentria ephemerella,Acentria,Crambidae,Acentropinae,Species,"([DENIS & SCHIFFERMÜLLER], 1775)",EBMSM0000000010472,EBMSM0000000010472,456704,4,4,395764 | 395812 | 395813 | 396795,Voutenay_Thalsansoeufs02 | La Truchère_dunes_boite_oeuf | La Truchère_tourbière | Bure - sans-oeuf,248234,248234,"Acentria ephemerella (Denis & Schiffermüller, 1775)","Acentria ephemerella (Denis & Schiffermüller, 1775)",species,Crambidae,Lepidoptera,Accepted,,Exact,,https://inpn.mnhn.fr/espece/cd_nom/248234
Agriphila inquinatella,Agriphila inquinatella,Agriphila inquinatella,Agriphila,Crambidae,Crambinae,Species,"([DENIS & SCHIFFERMÜLLER], 1775)",EBMSM0000000010306,EBMSM0000000010306,456538,1,1,396800,Bure - Oeuf,248292,248292,"Agriphila inquinatella (Denis & Schiffermüller, 1775)","Agriphila inquinatella (Denis & Schiffermüller, 1775)",species,Crambidae,Lepidoptera,Accepted,,Exact,,https://inpn.mnhn.fr/espece/cd_nom/248292
Agriphila straminella,Agriphila straminella,Agriphila straminella,Agriphila,Crambidae,Crambinae,Species,"([DENIS & SCHIFFERMÜLLER], 1775)",EBMSM0000000010313,EBMSM0000000010313,456545,1,1,397624,Mesves_IDB2,248297,248297,"Agriphila straminella (Denis & Schiffermüller, 1775)","Agriphila straminella (Denis & Schiffermüller, 1775)",species,Crambidae,Lepidoptera,Accepted,,Exact,,https://inpn.mnhn.fr/espece/cd_nom/248297
Agrotera nemoralis,Agrotera nemoralis,Agrotera nemoralis,Agrotera,Crambidae,Spilomelinae,Species,"(SCOPOLI, 1763)",EBMSM0000000010724,EBMSM0000000010724,456956,1,1,396022,Remoray forêt2 oeufs,248109,248109,"Agrotera nemoralis (Scopoli, 1763)","Agrotera nemoralis (Scopoli, 1763)",species,Crambidae,Lepidoptera,Accepted,,Exact,,https://inpn.mnhn.fr/espece/cd_nom/248109
Anania coronata,Anania coronata,Anania coronata,Anania,Crambidae,Pyraustinae,Species,"(HUFNAGEL, 1767)",EBMSM0000000010650,EBMSM0000000010650,456882,1,1,396712,Piège 2 - aulnaie - marais de Saône,785321,785321,"Anania coronata (Hufnagel, 1767)","Anania coronata (Hufnagel, 1767)",species,Crambidae,Lepidoptera,Accepted,,Exact,,https://inpn.mnhn.fr/espece/cd_nom/785321
Anania perlucidalis,Anania perlucidalis,Anania perlucidalis,Anania,Crambidae,Pyraustinae,Species,"(HÜBNER, [1809])",EBMSM0000000010654,EBMSM0000000010654,456886,1,1,395878,Piège 1 - boisement feuillus jeunes - Sauvagney,791643,791643,"Anania perlucidalis (Hübner, 1809)","Anania perlucidalis (Hübner, 1809)",species,Crambidae,Lepidoptera,Accepted,,Exact,,https://inpn.mnhn.fr/espece/cd_nom/791643
Ancylolomia tentaculella,Ancylolomia tentaculella,Ancylolomia tentaculella,Ancylolomia,Crambidae,Crambinae,Species,"(HÜBNER, 1796)",EBMSM0000000010427,EBMSM0000000010427,456659,1,1,395764,Voutenay_Thalsansoeufs02,248246,248246,"Ancylolomia tentaculella (Hübner, 1796)","Ancylolomia tentaculella (Hübner, 1796)",species,Crambidae,Lepidoptera,Accepted,,Exact,,https://inpn.mnhn.fr/espece/cd_nom/248246
Catoptria pinella,Catoptria pinella,Catoptria pinella,Catoptria,Crambidae,Crambinae,Species,"(LINNAEUS, 1758)",EBMSM0000000010350,EBMSM0000000010350,456582,1,1,399051,Solanetta_rnn_mantet,248276,248276,"Catoptria pinella (Linnaeus, 1758)","Catoptria pinella (Linnaeus, 1758)",species,Crambidae,Lepidoptera,Accepted,,Exact,,https://inpn.mnhn.fr/espece/cd_nom/248276
Chilo phragmitella,Chilo phragmitella,Chilo phragmitella,Chilo,Crambidae,Crambinae,Species,"(HÜBNER, [1810])",EBMSM0000000010253,EBMSM0000000010253,456485,4,3,396710 | 396712 | 396795,Piège 1 - cariçaie - marais de Saône | Piège 2 - aulnaie - marais de Saône | Bure - sans-oeuf,853434,853434,"Chilo phragmitellus (Hübner, 1810)","Chilo phragmitellus (Hübner, 1810)",species,Crambidae,Lepidoptera,Accepted,,Fuzzy,,https://inpn.mnhn.fr/espece/cd_nom/853434
Chrysocrambus cassentiniellus,Chrysocrambus cassentiniellus,Chrysocrambus cassentiniellus,Chrysocrambus,Crambidae,Crambinae,Species,"(HERRICH-SCHÄFFER, [1848])",EBMSM0000000010392,EBMSM0000000010392,456624,1,1,395725,Voutenay_ThalOeufs,820673,248257,"Chrysocrambus cassentiniellus (Herrich-Schäffer, 1848)","Chrysocrambus linetella (Fabricius, 1781)",species,Crambidae,Lepidoptera,Synonym,,Exact,,https://inpn.mnhn.fr/espece/cd_nom/820673
Chrysoteuchia culmella,Chrysoteuchia culmella,Chrysoteuchia culmella,Chrysoteuchia,Crambidae,Crambinae,Species,"(LINNAEUS, 1758)",EBMSM0000000010285,EBMSM0000000010285,456517,4,4,395447 | 395725 | 395764 | 397624,Sur Mancy (Macornay) | Voutenay_ThalOeufs | Voutenay_Thalsansoeufs02 | Mesves_IDB2,248314,248314,"Chrysoteuchia culmella (Linnaeus, 1758)","Chrysoteuchia culmella (Linnaeus, 1758)",species,Crambidae,Lepidoptera,Accepted,,Exact,,https://inpn.mnhn.fr/espece/cd_nom/248314
Crambus lathoniellus,Crambus lathoniellus,Crambus lathoniellus,Crambus,Crambidae,Crambinae,Species,"(ZINCKEN, 1817)",EBMSM0000000010297,EBMSM0000000010297,456529,1,1,395447,Sur Mancy (Macornay),248311,248311,"Crambus lathoniellus (Zincken, 1817)","Crambus lathoniellus (Zincken, 1817)",species,Crambidae,Lepidoptera,Accepted,,Exact,,https://inpn.mnhn.fr/espece/cd_nom/248311
Crambus pascuella,Crambus pascuella,Crambus pascuella,Crambus,Crambidae,Crambinae,Species,"(LINNAEUS, 1758)",EBMSM0000000010286,EBMSM0000000010286,456518,1,1,397620,Mesves_IDB1,248304,248304,"Crambus pascuella (Linnaeus, 1758)","Crambus pascuella (Linnaeus, 1758)",species,Crambidae,Lepidoptera,Accepted,,Exact,,https://inpn.mnhn.fr/espece/cd_nom/248304
Cydalima perspectalis,Cydalima perspectalis,Cydalima perspectalis,Cydalima,Crambidae,Spilomelinae,Species,"(WALKER, 1859)",EBMSM0000000010745,EBMSM0000000010745,456977,3,2,395447 | 395764,Sur Mancy (Macornay) | Voutenay_Thalsansoeufs02,645061,645061,"Cydalima perspectalis (Walker, 1859)","Cydalima perspectalis (Walker, 1859)",species,Crambidae,Lepidoptera,Accepted,,Exact,,https://inpn.mnhn.fr/espece/cd_nom/645061
Eudonia delunella,Eudonia delunella,Eudonia delunella,Eudonia,Crambidae,Scopariinae,Species,"(STAINTON, 1849)",EBMSM0000000010228,EBMSM0000000010228,456460,1,1,395763,Remoray Zh1 ouef,248341,248341,"Eudonia delunella (Stainton, 1849)","Eudonia delunella (Stainton, 1849)",species,Crambidae,Lepidoptera,Accepted,,Exact,,https://inpn.mnhn.fr/espece/cd_nom/248341
Eudonia mercurella,Eudonia mercurella,Eudonia mercurella,Eudonia,Crambidae,Scopariinae,Species,"(LINNAEUS, 1758)",EBMSM0000000010234,EBMSM0000000010234,456466,4,3,395441 | 395447 | 395725,côte de Mancy (Lons-le-Saunier) | Sur Mancy (Macornay) | Voutenay_ThalOeufs,248345,248345,"Eudonia mercurella (Linnaeus, 1758)","Eudonia mercurella (Linnaeus, 1758)",species,Crambidae,Lepidoptera,Accepted,,Exact,,https://inpn.mnhn.fr/espece/cd_nom/248345
Evergestis extimalis,Evergestis extimalis,Evergestis extimalis,Evergestis,Crambidae,Evergestinae,Species,"(SCOPOLI, 1763)",EBMSM0000000010542,EBMSM0000000010542,456774,1,1,396800,Bure - Oeuf,248210,248210,"Evergestis extimalis (Scopoli, 1763)","Evergestis extimalis (Scopoli, 1763)",species,Crambidae,Lepidoptera,Accepted,,Exact,,https://inpn.mnhn.fr/espece/cd_nom/248210
Evergestis forficalis,Evergestis forficalis,Evergestis forficalis,Evergestis,Crambidae,Evergestinae,Species,"(LINNAEUS, 1758)",EBMSM0000000010540,EBMSM0000000010540,456772,3,3,396020 | 397620 | 397624,Remoray forêt1 vide | Mesves_IDB1 | Mesves_IDB2,248209,248209,"Evergestis forficalis (Linnaeus, 1758)","Evergestis forficalis (Linnaeus, 1758)",species,Crambidae,Lepidoptera,Accepted,,Exact,,https://inpn.mnhn.fr/espece/cd_nom/248209
Mecyna asinalis,Mecyna asinalis,Mecyna asinalis,Mecyna,Crambidae,Spilomelinae,Species,"(HÜBNER, [1819])",EBMSM0000000010721,EBMSM0000000010721,456953,4,2,395725 | 395764,Voutenay_ThalOeufs | Voutenay_Thalsansoeufs02,248116,248116,"Mecyna asinalis (Hübner, 1819)","Mecyna asinalis (Hübner, 1819)",species,Crambidae,Lepidoptera,Accepted,,Exact,,https://inpn.mnhn.fr/espece/cd_nom/248116
Mecyna flavalis,Mecyna flavalis,Mecyna flavalis,Mecyna,Crambidae,Spilomelinae,Species,"([DENIS & SCHIFFERMÜLLER], 1775)",EBMSM0000000010713,EBMSM0000000010713,456945,1,1,399051,Solanetta_rnn_mantet,248112,248112,"Mecyna flavalis (Denis & Schiffermüller, 1775)","Mecyna flavalis (Denis & Schiffermüller, 1775)",species,Crambidae,Lepidoptera,Accepted,,Exact,,https://inpn.mnhn.fr/espece/cd_nom/248112
Nascia cilialis,Nascia cilialis,Nascia cilialis,Nascia,Crambidae,Pyraustinae,Species,"(HÜBNER, 1796)",EBMSM0000000010628,EBMSM0000000010628,456860,2,2,396710 | 396712,Piège 1 - cariçaie - marais de Saône | Piège 2 - aulnaie - marais de Saône,248139,248139,"Nascia cilialis (Hübner, 1796)","Nascia cilialis (Hübner, 1796)",species,Crambidae,Lepidoptera,Accepted,,Exact,,https://inpn.mnhn.fr/espece/cd_nom/248139
Ostrinia nubilalis,Ostrinia nubilalis,Ostrinia nubilalis,Ostrinia,Crambidae,Pyraustinae,Species,"(HÜBNER, 1796)",EBMSM0000000010641,EBMSM0000000010641,456873,3,2,395878 | 397624,Piège 1 - boisement feuillus jeunes - Sauvagney | Mesves_IDB2,248127,248127,"Ostrinia nubilalis (Hübner, 1796)","Ostrinia nubilalis (Hübner, 1796)",species,Crambidae,Lepidoptera,Accepted,,Exact,,https://inpn.mnhn.fr/espece/cd_nom/248127
Palpita vitrealis,Palpita vitrealis,Palpita vitrealis,Palpita,Crambidae,Spilomelinae,Species,"(ROSSI, 1794)",EBMSM0000000010743,EBMSM0000000010743,456975,1,1,396714,Piège 1 - boisement feuillus jeunes - Sauvagney,248104,248104,"Palpita vitrealis (Rossi, 1794)","Palpita vitrealis (Rossi, 1794)",species,Crambidae,Lepidoptera,Accepted,,Exact,,https://inpn.mnhn.fr/espece/cd_nom/248104
Parapoynx stratiotata,Parapoynx stratiotata,Parapoynx stratiotata,Parapoynx,Crambidae,Acentropinae,Species,"(LINNAEUS, 1758)",EBMSM0000000010475,EBMSM0000000010475,456707,4,4,395725 | 396710 | 396795 | 397624,Voutenay_ThalOeufs | Piège 1 - cariçaie - marais de Saône | Bure - sans-oeuf | Mesves_IDB2,248232,248232,"Parapoynx stratiotata (Linnaeus, 1758)","Parapoynx stratiotata (Linnaeus, 1758)",species,Crambidae,Lepidoptera,Accepted,,Exact,,https://inpn.mnhn.fr/espece/cd_nom/248232
Paratalanta hyalinalis,Paratalanta hyalinalis,Paratalanta hyalinalis,Paratalanta,Crambidae,Pyraustinae,Species,"(HÜBNER, 1796)",EBMSM0000000010595,EBMSM0000000010595,456827,1,1,395447,Sur Mancy (Macornay),248121,248121,"Paratalanta hyalinalis (Hübner, 1796)","Paratalanta hyalinalis (Hübner, 1796)",species,Crambidae,Lepidoptera,Accepted,,Exact,,https://inpn.mnhn.fr/espece/cd_nom/248121
Paratalanta pandalis,Paratalanta pandalis,Paratalanta pandalis,Paratalanta,Crambidae,Pyraustinae,Species,"(HÜBNER, [1825])",EBMSM0000000010593,EBMSM0000000010593,456825,1,1,396022,Remoray forêt2 oeufs,248120,248120,"Paratalanta pandalis (Hübner, 1825)","Paratalanta pandalis (Hübner, 1825)",species,Crambidae,Lepidoptera,Accepted,,Exact,,https://inpn.mnhn.fr/espece/cd_nom/248120
Patania ruralis,Patania ruralis,Patania ruralis,Patania,Crambidae,Spilomelinae,Species,"(SCOPOLI, 1763)",EBMSM0000000010711,EBMSM0000000010711,456943,3,2,396712 | 396714,Piège 2 - aulnaie - marais de Saône | Piège 1 - boisement feuillus jeunes - Sauvagney,918133,918133,"Patania ruralis (Scopoli, 1763)","Patania ruralis (Scopoli, 1763)",species,Crambidae,Lepidoptera,Accepted,,Exact,,https://inpn.mnhn.fr/espece/cd_nom/918133
Pyrausta aerealis,Pyrausta aerealis,Pyrausta aerealis,Pyrausta,Crambidae,Pyraustinae,Species,"(HÜBNER, 1793)",EBMSM0000000010624,EBMSM0000000010624,456856,1,1,399051,Solanetta_rnn_mantet,248156,248156,"Pyrausta aerealis (Hübner, 1793)","Pyrausta aerealis (Hübner, 1793)",species,Crambidae,Lepidoptera,Accepted,,Exact,,https://inpn.mnhn.fr/espece/cd_nom/248156
Pyrausta despicata,Pyrausta despicata,Pyrausta despicata,Pyrausta,Crambidae,Pyraustinae,Species,"(SCOPOLI, 1763)",EBMSM0000000010603,EBMSM0000000010603,456835,3,2,395725 | 399051,Voutenay_ThalOeufs | Solanetta_rnn_mantet,248146,248146,"Pyrausta despicata (Scopoli, 1763)","Pyrausta despicata (Scopoli, 1763)",species,Crambidae,Lepidoptera,Accepted,,Exact,,https://inpn.mnhn.fr/espece/cd_nom/248146
Scoparia ambigualis,Scoparia ambigualis,Scoparia ambigualis,Scoparia,Crambidae,Scopariinae,Species,"(TREITSCHKE, 1829)",EBMSM0000000010205,EBMSM0000000010205,456437,1,1,395447,Sur Mancy (Macornay),248354,248354,"Scoparia ambigualis (Treitschke, 1829)","Scoparia ambigualis (Treitschke, 1829)",species,Crambidae,Lepidoptera,Accepted,,Exact,,https://inpn.mnhn.fr/espece/cd_nom/248354
Scoparia pyralella,Scoparia pyralella,Scoparia pyralella,Scoparia,Crambidae,Scopariinae,Species,"([DENIS & SCHIFFERMÜLLER], 1775)",EBMSM0000000010209,EBMSM0000000010209,456441,1,1,399055,Sous_col_mantet,248357,248357,"Scoparia pyralella (Denis & Schiffermüller, 1775)","Scoparia pyralella (Denis & Schiffermüller, 1775)",species,Crambidae,Lepidoptera,Accepted,,Exact,,https://inpn.mnhn.fr/espece/cd_nom/248357
Sitochroa palealis,Sitochroa palealis,Sitochroa palealis,Sitochroa,Crambidae,Pyraustinae,Species,"([DENIS & SCHIFFERMÜLLER], 1775)",EBMSM0000000010629,EBMSM0000000010629,456861,1,1,396800,Bure - Oeuf,248137,248137,"Sitochroa palealis (Denis & Schiffermüller, 1775)","Sitochroa palealis (Denis & Schiffermüller, 1775)",species,Crambidae,Lepidoptera,Accepted,,Exact,,https://inpn.mnhn.fr/espece/cd_nom/248137
Sitochroa verticalis,Sitochroa verticalis,Sitochroa verticalis,Sitochroa,Crambidae,Pyraustinae,Species,"(LINNAEUS, 1758)",EBMSM0000000010631,EBMSM0000000010631,456863,1,1,395764,Voutenay_Thalsansoeufs02,248138,248138,"Sitochroa verticalis (Linnaeus, 1758)","Sitochroa verticalis (Linnaeus, 1758)",species,Crambidae,Lepidoptera,Accepted,,Exact,,https://inpn.mnhn.fr/espece/cd_nom/248138
Udea ferrugalis,Udea ferrugalis,Udea ferrugalis,Udea,Crambidae,Spilomelinae,Species,"(HÜBNER, [1796])",EBMSM0000000010667,EBMSM0000000010667,456899,1,1,395764,Voutenay_Thalsansoeufs02,248172,248172,"Udea ferrugalis (Hübner, 1796)","Udea ferrugalis (Hübner, 1796)",species,Crambidae,Lepidoptera,Accepted,,Exact,,https://inpn.mnhn.fr/espece/cd_nom/248172
Udea fulvalis,Udea fulvalis,Udea fulvalis,Udea,Crambidae,Spilomelinae,Species,"(HÜBNER, [1809])",EBMSM0000000010673,EBMSM0000000010673,456905,1,1,395764,Voutenay_Thalsansoeufs02,248173,248173,"Udea fulvalis (Hübner, 1809)","Udea fulvalis (Hübner, 1809)",species,Crambidae,Lepidoptera,Accepted,,Exact,,https://inpn.mnhn.fr/espece/cd_nom/248173
Udea lutealis,Udea lutealis,Udea lutealis,Udea,Crambidae,Spilomelinae,Species,"(HÜBNER, [1809])",EBMSM0000000010680,EBMSM0000000010680,456912,1,1,395764,Voutenay_Thalsansoeufs02,248177,248177,"Udea lutealis (Hübner, 1809)","Udea lutealis (Hübner, 1809)",species,Crambidae,Lepidoptera,Accepted,,Exact,,https://inpn.mnhn.fr/espece/cd_nom/248177
Udea olivalis,Udea olivalis,Udea olivalis,Udea,Crambidae,Spilomelinae,Species,"([DENIS & SCHIFFERMÜLLER], 1775)",EBMSM0000000010691,EBMSM0000000010691,456923,2,2,396020 | 396022,Remoray forêt1 vide | Remoray forêt2 oeufs,248193,248193,"Udea olivalis (Denis & Schiffermüller, 1775)","Udea olivalis (Denis & Schiffermüller, 1775)",species,Crambidae,Lepidoptera,Accepted,,Exact,,https://inpn.mnhn.fr/espece/cd_nom/248193
Udea prunalis,Udea prunalis,Udea prunalis,Udea,Crambidae,Spilomelinae,Species,"([DENIS & SCHIFFERMÜLLER], 1775)",EBMSM0000000010685,EBMSM0000000010685,456917,1,1,395813,La Truchère_tourbière,248179,248179,"Udea prunalis (Denis & Schiffermüller, 1775)","Udea prunalis (Denis & Schiffermüller, 1775)",species,Crambidae,Lepidoptera,Accepted,,Exact,,https://inpn.mnhn.fr/espece/cd_nom/248179
Uresiphita gilvata,Uresiphita gilvata,Uresiphita gilvata,Uresiphita,Crambidae,Pyraustinae,Species,"(FABRICIUS, 1794)",EBMSM0000000010626,EBMSM0000000010626,456858,1,1,396710,Piège 1 - cariçaie - marais de Saône,248140,248140,"Uresiphita gilvata (Fabricius, 1794)","Uresiphita gilvata (Fabricius, 1794)",species,Crambidae,Lepidoptera,Accepted,,Exact,,https://inpn.mnhn.fr/espece/cd_nom/248140
Cilix glaucata,Cilix glaucata,Cilix glaucata,Cilix,Drepanidae,Drepaninae,Species,"(SCOPOLI, 1763)",EBMSM0000000010821,EBMSM0000000010821,457053,8,6,395725 | 395764 | 395885 | 396414 | 396416 | 397624,Voutenay_ThalOeufs | Voutenay_Thalsansoeufs02 | Comolle 1 | Varennes 1 | Varennes 2 | Mesves_IDB2,248384,248384,"Cilix glaucata (Scopoli, 1763)","Cilix glaucata (Scopoli, 1763)",species,Drepanidae,Lepidoptera,Accepted,,Exact,,https://inpn.mnhn.fr/espece/cd_nom/248384
Drepana curvatula,Drepana curvatula,Drepana curvatula,Drepana,Drepanidae,Drepaninae,Species,"(BORKHAUSEN, 1790)",EBMSM0000000010815,EBMSM0000000010815,457047,5,4,394742 | 396584 | 396712 | 397631,Vernay 1 | Montmain 1 | Piège 2 - aulnaie - marais de Saône | Vernay 2,248386,248386,"Drepana curvatula (Borkhausen, 1790)","Drepana curvatula (Borkhausen, 1790)",species,Drepanidae,Lepidoptera,Accepted,,Exact,,https://inpn.mnhn.fr/espece/cd_nom/248386
Drepana falcataria,Drepana falcataria,Drepana falcataria,Drepana,Drepanidae,Drepaninae,Species,"(LINNAEUS, 1758)",EBMSM0000000010817,EBMSM0000000010817,457049,6,5,394742 | 396584 | 396712 | 397629 | 397630,Vernay 1 | Montmain 1 | Piège 2 - aulnaie - marais de Saône | Maire 1 | Maire 2,248387,248387,"Drepana falcataria (Linnaeus, 1758)","Drepana falcataria (Linnaeus, 1758)",species,Drepanidae,Lepidoptera,Accepted,,Exact,,https://inpn.mnhn.fr/espece/cd_nom/248387
Falcaria lacertinaria,Falcaria lacertinaria,Falcaria lacertinaria,Falcaria,Drepanidae,Drepaninae,Species,"(LINNAEUS, 1758)",EBMSM0000000010808,EBMSM0000000010808,457040,4,2,395813 | 396585,La Truchère_tourbière | Montmain 2,248391,248391,"Falcaria lacertinaria (Linnaeus, 1758)","Falcaria lacertinaria (Linnaeus, 1758)",species,Drepanidae,Lepidoptera,Accepted,,Exact,,https://inpn.mnhn.fr/espece/cd_nom/248391
Habrosyne pyritoides,Habrosyne pyritoides,Habrosyne pyritoides,Habrosyne,Drepanidae,Thyatirinae,Species,"(HUFNAGEL, 1766)",EBMSM0000000010789,EBMSM0000000010789,457021,33,20,394742 | 395447 | 395812 | 395813 | 395877 | 395878 | 395885 | 396020 | 396414 | 396416 | 396584 | 396710 | 396712 | 396714 | 396715 | 396800 | 397624 | 397629 | 397630 | 397631,Vernay 1 | Sur Mancy (Macornay) | La Truchère_dunes_boite_oeuf | La Truchère_tourbière | Piège 2 - boisement feuillus - Sauvagney | Piège 1 - boisement feuillus jeunes - Sauvagney | Comolle 1 | Remoray forêt1 vide | Varennes 1 | Varennes 2 | Montmain 1 | Piège 1 - cariçaie - marais de Saône | Piège 2 - aulnaie - marais de Saône | Piège 1 - boisement feuillus jeunes - Sauvagney | Piège 2 - boisement feuillus - Sauvagney | Bure - Oeuf | Mesves_IDB2 | Maire 1 | Maire 2 | Vernay 2,248400,248400,"Habrosyne pyritoides (Hufnagel, 1766)","Habrosyne pyritoides (Hufnagel, 1766)",species,Drepanidae,Lepidoptera,Accepted,,Exact,,https://inpn.mnhn.fr/espece/cd_nom/248400
Ochropacha duplaris,Ochropacha duplaris,Ochropacha duplaris,Ochropacha,Drepanidae,Thyatirinae,Species,"(LINNAEUS, 1761)",EBMSM0000000010797,EBMSM0000000010797,457029,10,7,395725 | 395813 | 395877 | 396584 | 396585 | 396712 | 396714,Voutenay_ThalOeufs | La Truchère_tourbière | Piège 2 - boisement feuillus - Sauvagney | Montmain 1 | Montmain 2 | Piège 2 - aulnaie - marais de Saône | Piège 1 - boisement feuillus jeunes - Sauvagney,248396,248396,"Ochropacha duplaris (Linnaeus, 1761)","Ochropacha duplaris (Linnaeus, 1761)",species,Drepanidae,Lepidoptera,Accepted,,Exact,,https://inpn.mnhn.fr/espece/cd_nom/248396
Polyploca ridens,Polyploca ridens,Polyploca ridens,Polyploca,Drepanidae,Thyatirinae,Species,"(FABRICIUS, 1787)",EBMSM0000000010801,EBMSM0000000010801,457033,1,1,395764,Voutenay_Thalsansoeufs02,248394,248394,"Polyploca ridens (Fabricius, 1787)","Polyploca ridens (Fabricius, 1787)",species,Drepanidae,Lepidoptera,Accepted,,Exact,,https://inpn.mnhn.fr/espece/cd_nom/248394
Tethea or,Tethea or,Tethea or,Tethea,Drepanidae,Thyatirinae,Species,"([DENIS & SCHIFFERMÜLLER], 1775)",EBMSM0000000010793,EBMSM0000000010793,457025,4,3,395878 | 396715 | 399051,Piège 1 - boisement feuillus jeunes - Sauvagney | Piège 2 - boisement feuillus - Sauvagney | Solanetta_rnn_mantet,248399,248399,"Tethea or (Denis & Schiffermüller, 1775)","Tethea or (Denis & Schiffermüller, 1775)",species,Drepanidae,Lepidoptera,Accepted,,Exact,,https://inpn.mnhn.fr/espece/cd_nom/248399
Tetheella fluctuosa,Tetheella fluctuosa,Tetheella fluctuosa,Tetheella,Drepanidae,Thyatirinae,Species,"(HÜBNER, [1800-1803])",EBMSM0000000010795,EBMSM0000000010795,457027,1,1,396584,Montmain 1,248397,248397,"Tetheella fluctuosa (Hübner, 1803)","Tetheella fluctuosa (Hübner, 1803)",species,Drepanidae,Lepidoptera,Accepted,,Exact,,https://inpn.mnhn.fr/espece/cd_nom/248397
Thyatira batis,Thyatira batis,Thyatira batis,Thyatira,Drepanidae,Thyatirinae,Species,"(LINNAEUS, 1758)",EBMSM0000000010787,EBMSM0000000010787,457019,11,9,395813 | 395877 | 395878 | 396416 | 396584 | 396712 | 396714 | 396715 | 396800,La Truchère_tourbière | Piège 2 - boisement feuillus - Sauvagney | Piège 1 - boisement feuillus jeunes - Sauvagney | Varennes 2 | Montmain 1 | Piège 2 - aulnaie - marais de Saône | Piège 1 - boisement feuillus jeunes - Sauvagney | Piège 2 - boisement feuillus - Sauvagney | Bure - Oeuf,248401,248401,"Thyatira batis (Linnaeus, 1758)","Thyatira batis (Linnaeus, 1758)",species,Drepanidae,Lepidoptera,Accepted,,Exact,,https://inpn.mnhn.fr/espece/cd_nom/248401
Watsonalla binaria,Watsonalla binaria,Watsonalla binaria,Watsonalla,Drepanidae,Drepaninae,Species,"(HUFNAGEL, 1767)",EBMSM0000000010810,EBMSM0000000010810,457042,12,12,394742 | 395764 | 395885 | 396416 | 396584 | 396585 | 396714 | 396715 | 396795 | 396800 | 397629 | 397630,Vernay 1 | Voutenay_Thalsansoeufs02 | Comolle 1 | Varennes 2 | Montmain 1 | Montmain 2 | Piège 1 - boisement feuillus jeunes - Sauvagney | Piège 2 - boisement feuillus - Sauvagney | Bure - sans-oeuf | Bure - Oeuf | Maire 1 | Maire 2,248388,248388,"Watsonalla binaria (Hufnagel, 1767)","Watsonalla binaria (Hufnagel, 1767)",species,Drepanidae,Lepidoptera,Accepted,,Exact,,https://inpn.mnhn.fr/espece/cd_nom/248388
Watsonalla cultraria,Watsonalla cultraria,Watsonalla cultraria,Watsonalla,Drepanidae,Drepaninae,Species,"(FABRICIUS, 1775)",EBMSM0000000010813,EBMSM0000000010813,457045,6,6,394742 | 396584 | 396585 | 396800 | 397629 | 397631,Vernay 1 | Montmain 1 | Montmain 2 | Bure - Oeuf | Maire 1 | Vernay 2,248390,248390,"Watsonalla cultraria (Fabricius, 1775)","Watsonalla cultraria (Fabricius, 1775)",species,Drepanidae,Lepidoptera,Accepted,,Exact,,https://inpn.mnhn.fr/espece/cd_nom/248390
Ethmia bipunctella,Ethmia bipunctella,Ethmia bipunctella,Ethmia,Elachistidae,Ethmiinae,Species,"(FABRICIUS, 1775)",EBMSM0000000005163,EBMSM0000000005163,451395,1,1,399055,Sous_col_mantet,245881,245881,"Ethmia bipunctella (Fabricius, 1775)","Ethmia bipunctella (Fabricius, 1775)",species,Depressariidae,Lepidoptera,Accepted,,Exact,,https://inpn.mnhn.fr/espece/cd_nom/245881
Arctia caja,Arctia caja,Arctia caja,Arctia,Erebidae,Arctiinae,Species,"(LINNAEUS, 1758)",EBMSM0000000012789,EBMSM0000000012789,459021,4,4,395813 | 396416 | 396800 | 399051,La Truchère_tourbière | Varennes 2 | Bure - Oeuf | Solanetta_rnn_mantet,249053,249053,"Arctia caja (Linnaeus, 1758)","Arctia caja (Linnaeus, 1758)",species,Erebidae,Lepidoptera,Accepted,,Exact,,https://inpn.mnhn.fr/espece/cd_nom/249053
Arctia villica,Arctia villica,Arctia villica,Arctia,Erebidae,Arctiinae,Species,"(LINNAEUS, 1758)",EBMSM0000000012793,EBMSM0000000012793,459025,3,3,395725 | 395764 | 397620,Voutenay_ThalOeufs | Voutenay_Thalsansoeufs02 | Mesves_IDB1,249055,249055,"Arctia villica (Linnaeus, 1758)","Arctia villica (Linnaeus, 1758)",species,Erebidae,Lepidoptera,Accepted,,Exact,,https://inpn.mnhn.fr/espece/cd_nom/249055
Arctornis l-nigrum,Arctornis l-nigrum,Arctornis l-nigrum,Arctornis,Erebidae,Lymantriinae,Species,"(MÜLLER, 1764)",EBMSM0000000012666,EBMSM0000000012666,458898,5,4,396584 | 396585 | 396714 | 396715,Montmain 1 | Montmain 2 | Piège 1 - boisement feuillus jeunes - Sauvagney | Piège 2 - boisement feuillus - Sauvagney,249036,249036,"Arctornis l-nigrum (O.F. Müller, 1764)","Arctornis l-nigrum (O.F. Müller, 1764)",species,Erebidae,Lepidoptera,Accepted,,Exact,,https://inpn.mnhn.fr/espece/cd_nom/249036
Atolmis rubricollis,Atolmis rubricollis,Atolmis rubricollis,Atolmis,Erebidae,Arctiinae,Species,"(LINNAEUS, 1758)",EBMSM0000000012840,EBMSM0000000012840,459072,3,3,396584 | 397629 | 397630,Montmain 1 | Maire 1 | Maire 2,249105,249105,"Atolmis rubricollis (Linnaeus, 1758)","Atolmis rubricollis (Linnaeus, 1758)",species,Erebidae,Lepidoptera,Accepted,,Exact,,https://inpn.mnhn.fr/espece/cd_nom/249105
Callimorpha dominula,Callimorpha dominula,Callimorpha dominula,Callimorpha,Erebidae,Arctiinae,Species,"(LINNAEUS, 1758)",EBMSM0000000012813,EBMSM0000000012813,459045,1,1,395813,La Truchère_tourbière,249052,249052,"Callimorpha dominula (Linnaeus, 1758)","Callimorpha dominula (Linnaeus, 1758)",species,Erebidae,Lepidoptera,Accepted,,Exact,,https://inpn.mnhn.fr/espece/cd_nom/249052
Calliteara pudibunda,Calliteara pudibunda,Calliteara pudibunda,Calliteara,Erebidae,Lymantriinae,Species,"(LINNAEUS, 1758)",EBMSM0000000012694,EBMSM0000000012694,458926,25,18,395447 | 395763 | 395764 | 395812 | 395813 | 395877 | 395878 | 396020 | 396022 | 396584 | 396585 | 396712 | 396715 | 396795 | 396800 | 397629 | 397630 | 397631,Sur Mancy (Macornay) | Remoray Zh1 ouef | Voutenay_Thalsansoeufs02 | La Truchère_dunes_boite_oeuf | La Truchère_tourbière | Piège 2 - boisement feuillus - Sauvagney | Piège 1 - boisement feuillus jeunes - Sauvagney | Remoray forêt1 vide | Remoray forêt2 oeufs | Montmain 1 | Montmain 2 | Piège 2 - aulnaie - marais de Saône | Piège 2 - boisement feuillus - Sauvagney | Bure - sans-oeuf | Bure - Oeuf | Maire 1 | Maire 2 | Vernay 2,249032,249032,"Calliteara pudibunda (Linnaeus, 1758)","Calliteara pudibunda (Linnaeus, 1758)",species,Erebidae,Lepidoptera,Accepted,,Exact,,https://inpn.mnhn.fr/espece/cd_nom/249032
Catephia alchymista,Catephia alchymista,Catephia alchymista,Catephia,Erebidae,Erebinae,Species,"([DENIS & SCHIFFERMÜLLER], 1775)",EBMSM0000000013061,EBMSM0000000013061,459293,1,1,396715,Piège 2 - boisement feuillus - Sauvagney,249769,249769,"Catephia alchymista (Denis & Schiffermüller, 1775)","Catephia alchymista (Denis & Schiffermüller, 1775)",species,Erebidae,Lepidoptera,Accepted,,Exact,,https://inpn.mnhn.fr/espece/cd_nom/249769
Catocala electa,Catocala electa,Catocala electa,Catocala,Erebidae,Erebinae,Species,"(VIEWEG, 1790)",EBMSM0000000013109,EBMSM0000000013109,459341,2,2,395877 | 397631,Piège 2 - boisement feuillus - Sauvagney | Vernay 2,346242,346242,"Catocala electa (Vieweg, 1790)","Catocala electa (Vieweg, 1790)",species,Erebidae,Lepidoptera,Accepted,,Exact,,https://inpn.mnhn.fr/espece/cd_nom/346242
Catocala fraxini,Catocala fraxini,Catocala fraxini,Catocala,Erebidae,Erebinae,Species,"(LINNAEUS, 1758)",EBMSM0000000013103,EBMSM0000000013103,459335,1,1,396585,Montmain 2,249753,249753,"Catocala fraxini (Linnaeus, 1758)","Catocala fraxini (Linnaeus, 1758)",species,Erebidae,Lepidoptera,Accepted,,Exact,,https://inpn.mnhn.fr/espece/cd_nom/249753
Catocala fulminea,Catocala fulminea,Catocala fulminea,Catocala,Erebidae,Erebinae,Species,"(SCOPOLI, 1763)",EBMSM0000000013088,EBMSM0000000013088,459320,1,1,397624,Mesves_IDB2,249748,249748,"Catocala fulminea (Scopoli, 1763)","Catocala fulminea (Scopoli, 1763)",species,Erebidae,Lepidoptera,Accepted,,Exact,,https://inpn.mnhn.fr/espece/cd_nom/249748
Catocala nupta,Catocala nupta,Catocala nupta,Catocala,Erebidae,Erebinae,Species,"(LINNAEUS, 1767)",EBMSM0000000013107,EBMSM0000000013107,459339,7,6,395441 | 395812 | 395877 | 395878 | 396584 | 397620,côte de Mancy (Lons-le-Saunier) | La Truchère_dunes_boite_oeuf | Piège 2 - boisement feuillus - Sauvagney | Piège 1 - boisement feuillus jeunes - Sauvagney | Montmain 1 | Mesves_IDB1,249754,249754,"Catocala nupta (Linnaeus, 1767)","Catocala nupta (Linnaeus, 1767)",species,Erebidae,Lepidoptera,Accepted,,Exact,,https://inpn.mnhn.fr/espece/cd_nom/249754
Catocala nymphagoga,Catocala nymphagoga,Catocala nymphagoga,Catocala,Erebidae,Erebinae,Species,"(ESPER, 1787)",EBMSM0000000013099,EBMSM0000000013099,459331,1,1,399051,Solanetta_rnn_mantet,249751,249751,"Catocala nymphagoga (Esper, 1787)","Catocala nymphagoga (Esper, 1787)",species,Erebidae,Lepidoptera,Accepted,,Exact,,https://inpn.mnhn.fr/espece/cd_nom/249751
Catocala promissa,Catocala promissa,Catocala promissa,Catocala,Erebidae,Erebinae,Species,"([DENIS & SCHIFFERMÜLLER], 1775)",EBMSM0000000013120,EBMSM0000000013120,459352,5,4,395447 | 395725 | 396584 | 396585,Sur Mancy (Macornay) | Voutenay_ThalOeufs | Montmain 1 | Montmain 2,249761,249761,"Catocala promissa (Denis & Schiffermüller, 1775)","Catocala promissa (Denis & Schiffermüller, 1775)",species,Erebidae,Lepidoptera,Accepted,,Exact,,https://inpn.mnhn.fr/espece/cd_nom/249761
Catocala sponsa,Catocala sponsa,Catocala sponsa,Catocala,Erebidae,Erebinae,Species,"(LINNAEUS, 1767)",EBMSM0000000013118,EBMSM0000000013118,459350,3,3,395885 | 396584 | 396585,Comolle 1 | Montmain 1 | Montmain 2,249759,249759,"Catocala sponsa (Linnaeus, 1767)","Catocala sponsa (Linnaeus, 1767)",species,Erebidae,Lepidoptera,Accepted,,Exact,,https://inpn.mnhn.fr/espece/cd_nom/249759
Chelis maculosa,Chelis maculosa,Chelis maculosa,Chelis,Erebidae,Arctiinae,Species,"([DENIS & SCHIFFERMÜLLER], 1775)",EBMSM0000000012757,EBMSM0000000012757,458989,1,1,399051,Solanetta_rnn_mantet,784209,784209,"Chelis maculosa (Denis & Schiffermüller, 1775)","Chelis maculosa (Denis & Schiffermüller, 1775)",species,Erebidae,Lepidoptera,Accepted,,Exact,,https://inpn.mnhn.fr/espece/cd_nom/784209
Colobochyla salicalis,Colobochyla salicalis,Colobochyla salicalis,Colobochyla,Erebidae,Boletobiinae,Species,"([DENIS & SCHIFFERMÜLLER], 1775)",EBMSM0000000012998,EBMSM0000000012998,459230,1,1,395886,Comolle 2,249124,249124,"Colobochyla salicalis (Denis & Schiffermüller, 1775)","Colobochyla salicalis (Denis & Schiffermüller, 1775)",species,Erebidae,Lepidoptera,Accepted,,Exact,,https://inpn.mnhn.fr/espece/cd_nom/249124
Cybosia mesomella,Cybosia mesomella,Cybosia mesomella,Cybosia,Erebidae,Arctiinae,Species,"(LINNAEUS, 1758)",EBMSM0000000012833,EBMSM0000000012833,459065,5,5,395763 | 396414 | 396712 | 396714 | 396795,Remoray Zh1 ouef | Varennes 1 | Piège 2 - aulnaie - marais de Saône | Piège 1 - boisement feuillus jeunes - Sauvagney | Bure - sans-oeuf,249108,249108,"Cybosia mesomella (Linnaeus, 1758)","Cybosia mesomella (Linnaeus, 1758)",species,Erebidae,Lepidoptera,Accepted,,Exact,,https://inpn.mnhn.fr/espece/cd_nom/249108
Diacrisia purpurata,Diacrisia purpurata,Diacrisia purpurata,Diacrisia,Erebidae,Arctiinae,Species,"(LINNAEUS, 1758)",EBMSM0000000012769,EBMSM0000000012769,459001,1,1,399051,Solanetta_rnn_mantet,774047,774047,"Diacrisia purpurata (Linnaeus, 1758)","Diacrisia purpurata (Linnaeus, 1758)",species,Erebidae,Lepidoptera,Accepted,,Exact,,https://inpn.mnhn.fr/espece/cd_nom/774047
Diacrisia sannio,Diacrisia sannio,Diacrisia sannio,Diacrisia,Erebidae,Arctiinae,Species,"(LINNAEUS, 1758)",EBMSM0000000012773,EBMSM0000000012773,459005,10,10,394742 | 395441 | 395725 | 395764 | 395765 | 395767 | 395768 | 396710 | 397620 | 399051,Vernay 1 | côte de Mancy (Lons-le-Saunier) | Voutenay_ThalOeufs | Voutenay_Thalsansoeufs02 | Remoray ZH2 vide | ZA 1 Oeufs | ZA 2 vide | Piège 1 - cariçaie - marais de Saône | Mesves_IDB1 | Solanetta_rnn_mantet,249061,249061,"Diacrisia sannio (Linnaeus, 1758)","Diacrisia sannio (Linnaeus, 1758)",species,Erebidae,Lepidoptera,Accepted,,Exact,,https://inpn.mnhn.fr/espece/cd_nom/249061
Diaphora mendica,Diaphora mendica,Diaphora mendica,Diaphora,Erebidae,Arctiinae,Species,"(CLERCK, 1759)",EBMSM0000000012747,EBMSM0000000012747,458979,21,18,394742 | 395441 | 395725 | 395764 | 395767 | 395768 | 395812 | 395813 | 395886 | 396020 | 396416 | 396584 | 396712 | 396795 | 396800 | 397624 | 397629 | 397630,Vernay 1 | côte de Mancy (Lons-le-Saunier) | Voutenay_ThalOeufs | Voutenay_Thalsansoeufs02 | ZA 1 Oeufs | ZA 2 vide | La Truchère_dunes_boite_oeuf | La Truchère_tourbière | Comolle 2 | Remoray forêt1 vide | Varennes 2 | Montmain 1 | Piège 2 - aulnaie - marais de Saône | Bure - sans-oeuf | Bure - Oeuf | Mesves_IDB2 | Maire 1 | Maire 2,249064,249064,"Diaphora mendica (Clerck, 1759)","Diaphora mendica (Clerck, 1759)",species,Erebidae,Lepidoptera,Accepted,,Exact,,https://inpn.mnhn.fr/espece/cd_nom/249064
Eilema,Eilema,Eilema,Eilema,Erebidae,Arctiinae,Genus,,EBMSM0000000002003,EBMSM0000000002003,448235,1,1,399051,Solanetta_rnn_mantet,210806,210806,"Eilema Hübner, 1819","Eilema Hübner, 1819",genus,Erebidae,Lepidoptera,Accepted,,Exact,,https://inpn.mnhn.fr/espece/cd_nom/210806
Eilema caniola,Eilema caniola,Eilema caniola,Eilema,Erebidae,Arctiinae,Species,"(HÜBNER, [1803-1808])",EBMSM0000000012855,EBMSM0000000012855,459087,8,4,395447 | 395725 | 395764 | 399051,Sur Mancy (Macornay) | Voutenay_ThalOeufs | Voutenay_Thalsansoeufs02 | Solanetta_rnn_mantet,249098,249098,"Eilema caniola (Hübner, 1808)","Eilema caniola (Hübner, 1808)",species,Erebidae,Lepidoptera,Accepted,,Exact,,https://inpn.mnhn.fr/espece/cd_nom/249098
Eilema complana,Eilema complana,Eilema complana,Eilema,Erebidae,Arctiinae,Species,"(LINNAEUS, 1758)",EBMSM0000000012850,EBMSM0000000012850,459082,16,13,394742 | 395441 | 395447 | 395725 | 395764 | 395886 | 396712 | 396795 | 396800 | 397629 | 397630 | 397631 | 399051,Vernay 1 | côte de Mancy (Lons-le-Saunier) | Sur Mancy (Macornay) | Voutenay_ThalOeufs | Voutenay_Thalsansoeufs02 | Comolle 2 | Piège 2 - aulnaie - marais de Saône | Bure - sans-oeuf | Bure - Oeuf | Maire 1 | Maire 2 | Vernay 2 | Solanetta_rnn_mantet,249096,1015419,"Eilema complana (Linnaeus, 1758)","Manulea complana (Linnaeus, 1758)",species,Erebidae,Lepidoptera,Synonym,,Exact,,https://inpn.mnhn.fr/espece/cd_nom/249096
Eilema depressa,Eilema depressa,Eilema depressa,Eilema,Erebidae,Arctiinae,Species,"(ESPER, 1787)",EBMSM0000000012844,EBMSM0000000012844,459076,9,7,395764 | 396022 | 396584 | 396585 | 396714 | 396715 | 397630,Voutenay_Thalsansoeufs02 | Remoray forêt2 oeufs | Montmain 1 | Montmain 2 | Piège 1 - boisement feuillus jeunes - Sauvagney | Piège 2 - boisement feuillus - Sauvagney | Maire 2,249093,1015440,"Eilema depressa (Esper, 1787)","Katha depressa (Esper, 1787)",species,Erebidae,Lepidoptera,Synonym,,Exact,,https://inpn.mnhn.fr/espece/cd_nom/249093
Eilema griseola,Eilema griseola,Eilema griseola,Eilema,Erebidae,Arctiinae,Species,"(HÜBNER, [1800-1803])",EBMSM0000000012846,EBMSM0000000012846,459078,8,8,395812 | 395813 | 395877 | 395878 | 396712 | 396714 | 396715 | 396795,La Truchère_dunes_boite_oeuf | La Truchère_tourbière | Piège 2 - boisement feuillus - Sauvagney | Piège 1 - boisement feuillus jeunes - Sauvagney | Piège 2 - aulnaie - marais de Saône | Piège 1 - boisement feuillus jeunes - Sauvagney | Piège 2 - boisement feuillus - Sauvagney | Bure - sans-oeuf,249094,1015437,"Eilema griseola (Hübner, 1803)","Collita griseola (Hübner, 1803)",species,Erebidae,Lepidoptera,Synonym,,Exact,,https://inpn.mnhn.fr/espece/cd_nom/249094
Eilema lurideola,Eilema lurideola,Eilema lurideola,Eilema,Erebidae,Arctiinae,Species,"([ZINCKEN], 1817)",EBMSM0000000012848,EBMSM0000000012848,459080,10,10,395447 | 395764 | 395812 | 395885 | 395886 | 396584 | 396585 | 396800 | 397630 | 399051,Sur Mancy (Macornay) | Voutenay_Thalsansoeufs02 | La Truchère_dunes_boite_oeuf | Comolle 1 | Comolle 2 | Montmain 1 | Montmain 2 | Bure - Oeuf | Maire 2 | Solanetta_rnn_mantet,249095,1015435,"Eilema lurideola (Zincken, 1817)","Nyea lurideola (Zincken, 1817)",species,Erebidae,Lepidoptera,Synonym,,Exact,,https://inpn.mnhn.fr/espece/cd_nom/249095
Eilema pygmaeola,Eilema pygmaeola,Eilema pygmaeola,Eilema,Erebidae,Arctiinae,Species,"(DOUBLEDAY, 1847)",EBMSM0000000012859,EBMSM0000000012859,459091,4,4,395725 | 395764 | 395885 | 397631,Voutenay_ThalOeufs | Voutenay_Thalsansoeufs02 | Comolle 1 | Vernay 2,249100,1015431,"Eilema pygmaeola (Doubleday, 1847)","Indalia pygmaeola (Doubleday, 1847)",species,Erebidae,Lepidoptera,Synonym,,Exact,,https://inpn.mnhn.fr/espece/cd_nom/249100
Eilema sororcula,Eilema sororcula,Eilema sororcula,Eilema,Erebidae,Arctiinae,Species,"(HUFNAGEL, 1766)",EBMSM0000000012865,EBMSM0000000012865,459097,10,8,394742 | 395725 | 395764 | 395877 | 395885 | 396585 | 396795 | 397629,Vernay 1 | Voutenay_ThalOeufs | Voutenay_Thalsansoeufs02 | Piège 2 - boisement feuillus - Sauvagney | Comolle 1 | Montmain 2 | Bure - sans-oeuf | Maire 1,249102,716692,"Eilema sororcula (Hufnagel, 1766)","Wittia sororcula (Hufnagel, 1766)",species,Erebidae,Lepidoptera,Synonym,,Exact,,https://inpn.mnhn.fr/espece/cd_nom/249102
Eublemma purpurina,Eublemma purpurina,Eublemma purpurina,Eublemma,Erebidae,Boletobiinae,Species,"([DENIS & SCHIFFERMÜLLER], 1775)",EBMSM0000000013025,EBMSM0000000013025,459257,1,1,396800,Bure - Oeuf,249685,249685,"Eublemma purpurina (Denis & Schiffermüller, 1775)","Eublemma purpurina (Denis & Schiffermüller, 1775)",species,Erebidae,Lepidoptera,Accepted,,Exact,,https://inpn.mnhn.fr/espece/cd_nom/249685
Euplagia quadripunctaria,Euplagia quadripunctaria,Euplagia quadripunctaria,Euplagia,Erebidae,Arctiinae,Species,"(PODA, 1761)",EBMSM0000000012815,EBMSM0000000012815,459047,2,2,395725 | 396715,Voutenay_ThalOeufs | Piège 2 - boisement feuillus - Sauvagney,159442,159442,"Euplagia quadripunctaria (Poda, 1761)","Euplagia quadripunctaria (Poda, 1761)",species,Erebidae,Lepidoptera,Accepted,,Exact,,https://inpn.mnhn.fr/espece/cd_nom/159442
Euproctis chrysorrhoea,secalella,secalella,Euproctis,Erebidae,Lymantriinae,Species,"(LINNAEUS, 1758)",EBMSM0000000012686,EBMSM0000000012686,458918,20,16,395441 | 395447 | 395725 | 395764 | 395812 | 395813 | 395877 | 395878 | 395885 | 396416 | 396584 | 396585 | 396712 | 396795 | 397620 | 397624,côte de Mancy (Lons-le-Saunier) | Sur Mancy (Macornay) | Voutenay_ThalOeufs | Voutenay_Thalsansoeufs02 | La Truchère_dunes_boite_oeuf | La Truchère_tourbière | Piège 2 - boisement feuillus - Sauvagney | Piège 1 - boisement feuillus jeunes - Sauvagney | Comolle 1 | Varennes 2 | Montmain 1 | Montmain 2 | Piège 2 - aulnaie - marais de Saône | Bure - sans-oeuf | Mesves_IDB1 | Mesves_IDB2,249033,249033,"Euproctis chrysorrhoea (Linnaeus, 1758)","Euproctis chrysorrhoea (Linnaeus, 1758)",species,Erebidae,Lepidoptera,Accepted,,Exact,,https://inpn.mnhn.fr/espece/cd_nom/249033
Herminia grisealis,Herminia grisealis,Herminia grisealis,Herminia,Erebidae,Herminiinae,Species,"([DENIS & SCHIFFERMÜLLER], 1775)",EBMSM0000000012915,EBMSM0000000012915,459147,6,5,395877 | 396584 | 396585 | 397629 | 397631,Piège 2 - boisement feuillus - Sauvagney | Montmain 1 | Montmain 2 | Maire 1 | Vernay 2,249313,249313,"Herminia grisealis (Denis & Schiffermüller, 1775)","Herminia grisealis (Denis & Schiffermüller, 1775)",species,Erebidae,Lepidoptera,Accepted,,Exact,,https://inpn.mnhn.fr/espece/cd_nom/249313
Herminia tarsicrinalis,Herminia tarsicrinalis,Herminia tarsicrinalis,Herminia,Erebidae,Herminiinae,Species,"(KNOCH, 1782)",EBMSM0000000012913,EBMSM0000000012913,459145,4,4,395812 | 395878 | 396710 | 396712,La Truchère_dunes_boite_oeuf | Piège 1 - boisement feuillus jeunes - Sauvagney | Piège 1 - cariçaie - marais de Saône | Piège 2 - aulnaie - marais de Saône,249312,249312,"Herminia tarsicrinalis (Knoch, 1782)","Herminia tarsicrinalis (Knoch, 1782)",species,Erebidae,Lepidoptera,Accepted,,Exact,,https://inpn.mnhn.fr/espece/cd_nom/249312
Herminia tarsipennalis,Herminia tarsipennalis,Herminia tarsipennalis,Herminia,Erebidae,Herminiinae,Species,"TREITSCHKE, 1835",EBMSM0000000012911,EBMSM0000000012911,459143,5,5,395764 | 395812 | 395813 | 396710 | 396712,Voutenay_Thalsansoeufs02 | La Truchère_dunes_boite_oeuf | La Truchère_tourbière | Piège 1 - cariçaie - marais de Saône | Piège 2 - aulnaie - marais de Saône,719636,719636,"Herminia tarsipennalis Treitschke, 1835","Herminia tarsipennalis Treitschke, 1835",species,Erebidae,Lepidoptera,Accepted,,Exact,,https://inpn.mnhn.fr/espece/cd_nom/719636
Hypena crassalis,Hypena crassalis,Hypena crassalis,Hypena,Erebidae,Hypeninae,Species,"(FABRICIUS, 1787)",EBMSM0000000012662,EBMSM0000000012662,458894,1,1,396584,Montmain 1,249299,249299,"Hypena crassalis (Fabricius, 1787)","Hypena crassalis (Fabricius, 1787)",species,Erebidae,Lepidoptera,Accepted,,Exact,,https://inpn.mnhn.fr/espece/cd_nom/249299
Hypena proboscidalis,Hypena proboscidalis,Hypena proboscidalis,Hypena,Erebidae,Hypeninae,Species,"(LINNAEUS, 1758)",EBMSM0000000012648,EBMSM0000000012648,458880,4,4,395812 | 396585 | 396710 | 396714,La Truchère_dunes_boite_oeuf | Montmain 2 | Piège 1 - cariçaie - marais de Saône | Piège 1 - boisement feuillus jeunes - Sauvagney,249293,249293,"Hypena proboscidalis (Linnaeus, 1758)","Hypena proboscidalis (Linnaeus, 1758)",species,Erebidae,Lepidoptera,Accepted,,Exact,,https://inpn.mnhn.fr/espece/cd_nom/249293
Hypena rostralis,Hypena rostralis,Hypena rostralis,Hypena,Erebidae,Hypeninae,Species,"(LINNAEUS, 1758)",EBMSM0000000012650,EBMSM0000000012650,458882,1,1,396714,Piège 1 - boisement feuillus jeunes - Sauvagney,249294,249294,"Hypena rostralis (Linnaeus, 1758)","Hypena rostralis (Linnaeus, 1758)",species,Erebidae,Lepidoptera,Accepted,,Exact,,https://inpn.mnhn.fr/espece/cd_nom/249294
Laspeyria flexula,Laspeyria flexula,Laspeyria flexula,Laspeyria,Erebidae,Boletobiinae,Species,"([DENIS & SCHIFFERMÜLLER], 1775)",EBMSM0000000013002,EBMSM0000000013002,459234,1,1,396795,Bure - sans-oeuf,249775,249775,"Laspeyria flexula (Denis & Schiffermüller, 1775)","Laspeyria flexula (Denis & Schiffermüller, 1775)",species,Erebidae,Lepidoptera,Accepted,,Exact,,https://inpn.mnhn.fr/espece/cd_nom/249775
Leucoma salicis,Leucoma salicis,Leucoma salicis,Leucoma,Erebidae,Lymantriinae,Species,"(LINNAEUS, 1758)",EBMSM0000000012668,EBMSM0000000012668,458900,3,2,395725 | 395813,Voutenay_ThalOeufs | La Truchère_tourbière,249035,249035,"Leucoma salicis (Linnaeus, 1758)","Leucoma salicis (Linnaeus, 1758)",species,Erebidae,Lepidoptera,Accepted,,Exact,,https://inpn.mnhn.fr/espece/cd_nom/249035
Lithosia quadra,Lithosia quadra,Lithosia quadra,Lithosia,Erebidae,Arctiinae,Species,"(LINNAEUS, 1758)",EBMSM0000000012842,EBMSM0000000012842,459074,3,3,395725 | 395886 | 396022,Voutenay_ThalOeufs | Comolle 2 | Remoray forêt2 oeufs,249104,249104,"Lithosia quadra (Linnaeus, 1758)","Lithosia quadra (Linnaeus, 1758)",species,Erebidae,Lepidoptera,Accepted,,Exact,,https://inpn.mnhn.fr/espece/cd_nom/249104
Lygephila craccae,Lygephila craccae,Lygephila craccae,Lygephila,Erebidae,Toxocampinae,Species,"([DENIS & SCHIFFERMÜLLER], 1775)",EBMSM0000000012951,EBMSM0000000012951,459183,3,3,395441 | 395447 | 395764,côte de Mancy (Lons-le-Saunier) | Sur Mancy (Macornay) | Voutenay_Thalsansoeufs02,249773,249773,"Lygephila craccae (Denis & Schiffermüller, 1775)","Lygephila craccae (Denis & Schiffermüller, 1775)",species,Erebidae,Lepidoptera,Accepted,,Exact,,https://inpn.mnhn.fr/espece/cd_nom/249773
Lymantria dispar,Lymantria dispar,Lymantria dispar,Lymantria,Erebidae,Lymantriinae,Species,"(LINNAEUS, 1758)",EBMSM0000000012670,EBMSM0000000012670,458902,7,5,395441 | 395447 | 395764 | 395813 | 396714,côte de Mancy (Lons-le-Saunier) | Sur Mancy (Macornay) | Voutenay_Thalsansoeufs02 | La Truchère_tourbière | Piège 1 - boisement feuillus jeunes - Sauvagney,249049,249049,"Lymantria dispar (Linnaeus, 1758)","Lymantria dispar (Linnaeus, 1758)",species,Erebidae,Lepidoptera,Accepted,,Exact,,https://inpn.mnhn.fr/espece/cd_nom/249049
Lymantria monacha,Lymantria monacha,Lymantria monacha,Lymantria,Erebidae,Lymantriinae,Species,"(LINNAEUS, 1758)",EBMSM0000000012672,EBMSM0000000012672,458904,19,16,395447 | 395725 | 395764 | 395812 | 395813 | 395877 | 396022 | 396416 | 396584 | 396585 | 396712 | 396714 | 396715 | 397629 | 397630 | 397631,Sur Mancy (Macornay) | Voutenay_ThalOeufs | Voutenay_Thalsansoeufs02 | La Truchère_dunes_boite_oeuf | La Truchère_tourbière | Piège 2 - boisement feuillus - Sauvagney | Remoray forêt2 oeufs | Varennes 2 | Montmain 1 | Montmain 2 | Piège 2 - aulnaie - marais de Saône | Piège 1 - boisement feuillus jeunes - Sauvagney | Piège 2 - boisement feuillus - Sauvagney | Maire 1 | Maire 2 | Vernay 2,249050,249050,"Lymantria monacha (Linnaeus, 1758)","Lymantria monacha (Linnaeus, 1758)",species,Erebidae,Lepidoptera,Accepted,,Exact,,https://inpn.mnhn.fr/espece/cd_nom/249050
Macrochilo cribrumalis,Macrochilo cribrumalis,Macrochilo cribrumalis,Macrochilo,Erebidae,Herminiinae,Species,"(HÜBNER, 1793)",EBMSM0000000012909,EBMSM0000000012909,459141,2,2,396710 | 396795,Piège 1 - cariçaie - marais de Saône | Bure - sans-oeuf,249310,249310,"Macrochilo cribrumalis (Hübner, 1793)","Macrochilo cribrumalis (Hübner, 1793)",species,Erebidae,Lepidoptera,Accepted,,Exact,,https://inpn.mnhn.fr/espece/cd_nom/249310
Miltochrista miniata,Miltochrista miniata,Miltochrista miniata,Miltochrista,Erebidae,Arctiinae,Species,"(FORSTER, 1771)",EBMSM0000000012831,EBMSM0000000012831,459063,18,14,395812 | 395813 | 395877 | 395878 | 395886 | 396584 | 396585 | 396712 | 396714 | 396715 | 396795 | 396800 | 397629 | 397631,La Truchère_dunes_boite_oeuf | La Truchère_tourbière | Piège 2 - boisement feuillus - Sauvagney | Piège 1 - boisement feuillus jeunes - Sauvagney | Comolle 2 | Montmain 1 | Montmain 2 | Piège 2 - aulnaie - marais de Saône | Piège 1 - boisement feuillus jeunes - Sauvagney | Piège 2 - boisement feuillus - Sauvagney | Bure - sans-oeuf | Bure - Oeuf | Maire 1 | Vernay 2,249109,249109,"Miltochrista miniata (Forster, 1771)","Miltochrista miniata (Forster, 1771)",species,Erebidae,Lepidoptera,Accepted,,Exact,,https://inpn.mnhn.fr/espece/cd_nom/249109
Minucia lunaris,Minucia lunaris,Minucia lunaris,Minucia,Erebidae,Erebinae,Species,"([DENIS & SCHIFFERMÜLLER], 1775)",EBMSM0000000013073,EBMSM0000000013073,459305,2,2,395764 | 395812,Voutenay_Thalsansoeufs02 | La Truchère_dunes_boite_oeuf,249764,249764,"Minucia lunaris (Denis & Schiffermüller, 1775)","Minucia lunaris (Denis & Schiffermüller, 1775)",species,Erebidae,Lepidoptera,Accepted,,Exact,,https://inpn.mnhn.fr/espece/cd_nom/249764
Nudaria mundana,Nudaria mundana,Nudaria mundana,Nudaria,Erebidae,Arctiinae,Species,"(LINNAEUS, 1761)",EBMSM0000000012820,EBMSM0000000012820,459052,2,2,396712 | 396795,Piège 2 - aulnaie - marais de Saône | Bure - sans-oeuf,249114,249114,"Nudaria mundana (Linnaeus, 1761)","Nudaria mundana (Linnaeus, 1761)",species,Erebidae,Lepidoptera,Accepted,,Exact,,https://inpn.mnhn.fr/espece/cd_nom/249114
Orgyia antiqua,Orgyia antiqua,Orgyia antiqua,Orgyia,Erebidae,Lymantriinae,Species,"(LINNAEUS, 1758)",EBMSM0000000012715,EBMSM0000000012715,458947,1,1,395447,Sur Mancy (Macornay),249038,249038,"Orgyia antiqua (Linnaeus, 1758)","Orgyia antiqua (Linnaeus, 1758)",species,Erebidae,Lepidoptera,Accepted,,Exact,,https://inpn.mnhn.fr/espece/cd_nom/249038
Paracolax tristalis,Paracolax tristalis,Paracolax tristalis,Paracolax,Erebidae,Herminiinae,Species,"(FABRICIUS, 1794)",EBMSM0000000012906,EBMSM0000000012906,459138,7,6,395764 | 395812 | 395813 | 395886 | 396584 | 397624,Voutenay_Thalsansoeufs02 | La Truchère_dunes_boite_oeuf | La Truchère_tourbière | Comolle 2 | Montmain 1 | Mesves_IDB2,249307,249307,"Paracolax tristalis (Fabricius, 1794)","Paracolax tristalis (Fabricius, 1794)",species,Erebidae,Lepidoptera,Accepted,,Exact,,https://inpn.mnhn.fr/espece/cd_nom/249307
Pechipogo strigilata,Pechipogo strigilata,Pechipogo strigilata,Pechipogo,Erebidae,Herminiinae,Species,"(LINNAEUS, 1758)",EBMSM0000000012929,EBMSM0000000012929,459161,2,2,395877 | 396585,Piège 2 - boisement feuillus - Sauvagney | Montmain 2,781846,781846,"Pechipogo strigilata (Linnaeus, 1758)","Pechipogo strigilata (Linnaeus, 1758)",species,Erebidae,Lepidoptera,Accepted,,Exact,,https://inpn.mnhn.fr/espece/cd_nom/781846
Pelosia muscerda,Pelosia muscerda,Pelosia muscerda,Pelosia,Erebidae,Arctiinae,Species,"(HUFNAGEL, 1766)",EBMSM0000000012835,EBMSM0000000012835,459067,5,5,395878 | 396710 | 396712 | 396714 | 396715,Piège 1 - boisement feuillus jeunes - Sauvagney | Piège 1 - cariçaie - marais de Saône | Piège 2 - aulnaie - marais de Saône | Piège 1 - boisement feuillus jeunes - Sauvagney | Piège 2 - boisement feuillus - Sauvagney,249106,249106,"Pelosia muscerda (Hufnagel, 1766)","Pelosia muscerda (Hufnagel, 1766)",species,Erebidae,Lepidoptera,Accepted,,Exact,,https://inpn.mnhn.fr/espece/cd_nom/249106
Pelosia obtusa,Pelosia obtusa,Pelosia obtusa,Pelosia,Erebidae,Arctiinae,Species,"(HERRICH-SCHÄFFER, 1847)",EBMSM0000000012837,EBMSM0000000012837,459069,1,1,395813,La Truchère_tourbière,249107,249107,"Pelosia obtusa (Herrich-Schäffer, 1852)","Pelosia obtusa (Herrich-Schäffer, 1852)",species,Erebidae,Lepidoptera,Accepted,,Exact,,https://inpn.mnhn.fr/espece/cd_nom/249107
Phragmatobia fuliginosa,Phragmatobia fuliginosa,Phragmatobia fuliginosa,Phragmatobia,Erebidae,Arctiinae,Species,"(LINNAEUS, 1758)",EBMSM0000000012730,EBMSM0000000012730,458962,7,6,395764 | 395813 | 396416 | 396710 | 396712 | 396715,Voutenay_Thalsansoeufs02 | La Truchère_tourbière | Varennes 2 | Piège 1 - cariçaie - marais de Saône | Piège 2 - aulnaie - marais de Saône | Piège 2 - boisement feuillus - Sauvagney,249074,249074,"Phragmatobia fuliginosa (Linnaeus, 1758)","Phragmatobia fuliginosa (Linnaeus, 1758)",species,Erebidae,Lepidoptera,Accepted,,Exact,,https://inpn.mnhn.fr/espece/cd_nom/249074
Phytometra viridaria,Phytometra viridaria,Phytometra viridaria,Phytometra,Erebidae,Boletobiinae,Species,"(CLERCK, 1759)",EBMSM0000000012995,EBMSM0000000012995,459227,1,1,396800,Bure - Oeuf,249121,249121,"Phytometra viridaria (Clerck, 1759)","Phytometra viridaria (Clerck, 1759)",species,Erebidae,Lepidoptera,Accepted,,Exact,,https://inpn.mnhn.fr/espece/cd_nom/249121
Rivula sericealis,Rivula sericealis,Rivula sericealis,Rivula,Erebidae,Rivulinae,Species,"(SCOPOLI, 1763)",EBMSM0000000012641,EBMSM0000000012641,458873,4,3,396710 | 396712 | 396715,Piège 1 - cariçaie - marais de Saône | Piège 2 - aulnaie - marais de Saône | Piège 2 - boisement feuillus - Sauvagney,249120,249120,"Rivula sericealis (Scopoli, 1763)","Rivula sericealis (Scopoli, 1763)",species,Erebidae,Lepidoptera,Accepted,,Exact,,https://inpn.mnhn.fr/espece/cd_nom/249120
Scoliopteryx libatrix,Scoliopteryx libatrix,Scoliopteryx libatrix,Scoliopteryx,Erebidae,Scoliopteryginae,Species,"(LINNAEUS, 1758)",EBMSM0000000012637,EBMSM0000000012637,458869,2,2,394742 | 397630,Vernay 1 | Maire 2,249785,249785,"Scoliopteryx libatrix (Linnaeus, 1758)","Scoliopteryx libatrix (Linnaeus, 1758)",species,Erebidae,Lepidoptera,Accepted,,Exact,,https://inpn.mnhn.fr/espece/cd_nom/249785
Setina irrorella,Setina irrorella,Setina irrorella,Setina,Erebidae,Arctiinae,Species,"(LINNAEUS, 1758)",EBMSM0000000012875,EBMSM0000000012875,459107,2,2,395878 | 399051,Piège 1 - boisement feuillus jeunes - Sauvagney | Solanetta_rnn_mantet,249088,249088,"Setina irrorella (Linnaeus, 1758)","Setina irrorella (Linnaeus, 1758)",species,Erebidae,Lepidoptera,Accepted,,Exact,,https://inpn.mnhn.fr/espece/cd_nom/249088
Sphrageidus similis,Sphrageidus similis,Sphrageidus similis,Sphrageidus,Erebidae,Lymantriinae,Species,"(FUESSLIN, 1775)",EBMSM0000000012689,EBMSM0000000012689,458921,3,3,394742 | 396712 | 397631,Vernay 1 | Piège 2 - aulnaie - marais de Saône | Vernay 2,784182,784182,"Sphrageidus similis (Fuessly, 1775)","Sphrageidus similis (Fuessly, 1775)",species,Erebidae,Lepidoptera,Accepted,,Exact,,https://inpn.mnhn.fr/espece/cd_nom/784182
Spilarctia lutea,Spilarctia lutea,Spilarctia lutea,Spilarctia,Erebidae,Arctiinae,Species,"(HUFNAGEL, 1766)",EBMSM0000000012738,EBMSM0000000012738,458970,16,13,395447 | 395812 | 395813 | 395877 | 395878 | 396584 | 396712 | 396714 | 396715 | 397620 | 397629 | 397630 | 397631,Sur Mancy (Macornay) | La Truchère_dunes_boite_oeuf | La Truchère_tourbière | Piège 2 - boisement feuillus - Sauvagney | Piège 1 - boisement feuillus jeunes - Sauvagney | Montmain 1 | Piège 2 - aulnaie - marais de Saône | Piège 1 - boisement feuillus jeunes - Sauvagney | Piège 2 - boisement feuillus - Sauvagney | Mesves_IDB1 | Maire 1 | Maire 2 | Vernay 2,459069,459069,"Spilarctia lutea (Hufnagel, 1766)","Spilarctia lutea (Hufnagel, 1766)",species,Erebidae,Lepidoptera,Accepted,,Exact,,https://inpn.mnhn.fr/espece/cd_nom/459069
Spilosoma lubricipeda,Spilosoma lubricipeda,Spilosoma lubricipeda,Spilosoma,Erebidae,Arctiinae,Species,"(LINNAEUS, 1758)",EBMSM0000000012740,EBMSM0000000012740,458972,17,15,394742 | 395441 | 395768 | 395812 | 395813 | 395877 | 395878 | 396022 | 396416 | 396585 | 396710 | 396712 | 396714 | 397620 | 397624,Vernay 1 | côte de Mancy (Lons-le-Saunier) | ZA 2 vide | La Truchère_dunes_boite_oeuf | La Truchère_tourbière | Piège 2 - boisement feuillus - Sauvagney | Piège 1 - boisement feuillus jeunes - Sauvagney | Remoray forêt2 oeufs | Varennes 2 | Montmain 2 | Piège 1 - cariçaie - marais de Saône | Piège 2 - aulnaie - marais de Saône | Piège 1 - boisement feuillus jeunes - Sauvagney | Mesves_IDB1 | Mesves_IDB2,249068,249068,"Spilosoma lubricipeda (Linnaeus, 1758)","Spilosoma lubricipeda (Linnaeus, 1758)",species,Erebidae,Lepidoptera,Accepted,,Exact,,https://inpn.mnhn.fr/espece/cd_nom/249068
Spilosoma urticae,Spilosoma urticae,Spilosoma urticae,Spilosoma,Erebidae,Arctiinae,Species,"(ESPER, 1789)",EBMSM0000000012742,EBMSM0000000012742,458974,1,1,395768,ZA 2 vide,249069,249069,"Spilosoma urticae (Esper, 1789)","Spilosoma urticae (Esper, 1789)",species,Erebidae,Lepidoptera,Accepted,,Exact,,https://inpn.mnhn.fr/espece/cd_nom/249069
Thumatha senex,Thumatha senex,Thumatha senex,Thumatha,Erebidae,Arctiinae,Species,"(HÜBNER, [1803-1808])",EBMSM0000000012822,EBMSM0000000012822,459054,1,1,396795,Bure - sans-oeuf,249113,249113,"Thumatha senex (Hübner, 1808)","Thumatha senex (Hübner, 1808)",species,Erebidae,Lepidoptera,Accepted,,Exact,,https://inpn.mnhn.fr/espece/cd_nom/249113
Trisateles emortualis,Trisateles emortualis,Trisateles emortualis,Trisateles,Erebidae,Boletobiinae,Species,"([DENIS & SCHIFFERMÜLLER], 1775)",EBMSM0000000013000,EBMSM0000000013000,459232,4,4,396584 | 396714 | 396715 | 396795,Montmain 1 | Piège 1 - boisement feuillus jeunes - Sauvagney | Piège 2 - boisement feuillus - Sauvagney | Bure - sans-oeuf,249672,249672,"Trisateles emortualis (Denis & Schiffermüller, 1775)","Trisateles emortualis (Denis & Schiffermüller, 1775)",species,Erebidae,Lepidoptera,Accepted,,Exact,,https://inpn.mnhn.fr/espece/cd_nom/249672
Tyria jacobaeae,Tyria jacobaeae,Tyria jacobaeae,Tyria,Erebidae,Arctiinae,Species,"(LINNAEUS, 1758)",EBMSM0000000012817,EBMSM0000000012817,459049,2,2,396416 | 396795,Varennes 2 | Bure - sans-oeuf,249051,249051,"Tyria jacobaeae (Linnaeus, 1758)","Tyria jacobaeae (Linnaeus, 1758)",species,Erebidae,Lepidoptera,Accepted,,Exact,,https://inpn.mnhn.fr/espece/cd_nom/249051
Watsonarctia deserta,Watsonarctia deserta,Watsonarctia deserta,Watsonarctia,Erebidae,Arctiinae,Species,"(BARTEL, 1902)",EBMSM0000000012728,EBMSM0000000012728,458960,6,3,395441 | 398134 | 399055,côte de Mancy (Lons-le-Saunier) | THALERA_EYNE_2_boite_oeuf | Sous_col_mantet,521547,521547,"Watsonarctia deserta (Bartel, 1902)","Watsonarctia deserta (Bartel, 1902)",species,Erebidae,Lepidoptera,Accepted,,Exact,,https://inpn.mnhn.fr/espece/cd_nom/521547
Zanclognatha lunalis,Zanclognatha lunalis,Zanclognatha lunalis,Zanclognatha,Erebidae,Herminiinae,Species,"(SCOPOLI, 1763)",EBMSM0000000012925,EBMSM0000000012925,459157,4,4,395812 | 395813 | 395886 | 396714,La Truchère_dunes_boite_oeuf | La Truchère_tourbière | Comolle 2 | Piège 1 - boisement feuillus jeunes - Sauvagney,249300,249300,"Zanclognatha lunalis (Scopoli, 1763)","Zanclognatha lunalis (Scopoli, 1763)",species,Erebidae,Lepidoptera,Accepted,,Exact,,https://inpn.mnhn.fr/espece/cd_nom/249300
Chionodes electella,Chionodes electella,Chionodes electella,Chionodes,Gelechiidae,Gelechiinae,Species,"(ZELLER, 1839)",EBMSM0000000006643,EBMSM0000000006643,452875,1,1,395441,côte de Mancy (Lons-le-Saunier),246843,246843,"Chionodes electella (Zeller, 1839)","Chionodes electella (Zeller, 1839)",species,Gelechiidae,Lepidoptera,Accepted,,Exact,,https://inpn.mnhn.fr/espece/cd_nom/246843
Dichomeris marginella,Dichomeris marginella,Dichomeris marginella,Dichomeris,Gelechiidae,Dichomeridinae,Species,"(FABRICIUS, 1781)",EBMSM0000000007052,EBMSM0000000007052,453284,1,1,395764,Voutenay_Thalsansoeufs02,246654,246654,"Dichomeris marginella (Fabricius, 1781)","Dichomeris marginella (Fabricius, 1781)",species,Gelechiidae,Lepidoptera,Accepted,,Exact,,https://inpn.mnhn.fr/espece/cd_nom/246654
Helcystogramma lutatella,Helcystogramma lutatella,Helcystogramma lutatella,Helcystogramma,Gelechiidae,Dichomeridinae,Species,"(HERRICH-SCHÄFFER, [1854])",EBMSM0000000007072,EBMSM0000000007072,453304,1,1,399051,Solanetta_rnn_mantet,246643,246643,"Helcystogramma lutatella (Herrich-Schäffer, 1854)","Helcystogramma lutatella (Herrich-Schäffer, 1854)",species,Gelechiidae,Lepidoptera,Accepted,,Exact,,https://inpn.mnhn.fr/espece/cd_nom/246643
Neofaculta infernella,Neofaculta infernella,Neofaculta infernella,Neofaculta,Gelechiidae,Gelechiinae,Species,"(HERRICH-SCHÄFFER, [1854])",EBMSM0000000007041,EBMSM0000000007041,453273,1,1,396020,Remoray forêt1 vide,247020,247020,"Neofaculta infernella (Herrich-Schäffer, 1854)","Neofaculta infernella (Herrich-Schäffer, 1854)",species,Gelechiidae,Lepidoptera,Accepted,,Exact,,https://inpn.mnhn.fr/espece/cd_nom/247020
Abraxas grossulariata,Abraxas grossulariata,Abraxas grossulariata,Abraxas,Geometridae,Ennominae,Species,"(LINNAEUS, 1758)",EBMSM0000000011000,EBMSM0000000011000,457232,6,6,395812 | 396416 | 396584 | 396585 | 396712 | 396800,La Truchère_dunes_boite_oeuf | Varennes 2 | Montmain 1 | Montmain 2 | Piège 2 - aulnaie - marais de Saône | Bure - Oeuf,248830,248830,"Abraxas grossulariata (Linnaeus, 1758)","Abraxas grossulariata (Linnaeus, 1758)",species,Geometridae,Lepidoptera,Accepted,,Exact,,https://inpn.mnhn.fr/espece/cd_nom/248830
Aethalura punctulata,Aethalura punctulata,Aethalura punctulata,Aethalura,Geometridae,Ennominae,Species,"([DENIS & SCHIFFERMÜLLER], 1775)",EBMSM0000000011468,EBMSM0000000011468,457700,5,3,394742 | 396584 | 397631,Vernay 1 | Montmain 1 | Vernay 2,248868,248868,"Aethalura punctulata (Denis & Schiffermüller, 1775)","Aethalura punctulata (Denis & Schiffermüller, 1775)",species,Geometridae,Lepidoptera,Accepted,,Exact,,https://inpn.mnhn.fr/espece/cd_nom/248868
Agriopis marginaria,Agriopis marginaria,Agriopis marginaria,Agriopis,Geometridae,Ennominae,Species,"(FABRICIUS, [1777])",EBMSM0000000011348,EBMSM0000000011348,457580,3,3,395764 | 395812 | 396712,Voutenay_Thalsansoeufs02 | La Truchère_dunes_boite_oeuf | Piège 2 - aulnaie - marais de Saône,248850,781849,"Agriopis marginaria (Fabricius, 1777)","Phigaliohybernia marginaria (Fabricius, 1777)",species,Geometridae,Lepidoptera,Synonym,,Exact,,https://inpn.mnhn.fr/espece/cd_nom/248850
Alcis repandata,Alcis repandata,Alcis repandata,Alcis,Geometridae,Ennominae,Species,"(LINNAEUS, 1758)",EBMSM0000000011438,EBMSM0000000011438,457670,14,12,395764 | 395768 | 395885 | 395886 | 396022 | 396584 | 396585 | 396714 | 396715 | 397629 | 397630 | 399051,Voutenay_Thalsansoeufs02 | ZA 2 vide | Comolle 1 | Comolle 2 | Remoray forêt2 oeufs | Montmain 1 | Montmain 2 | Piège 1 - boisement feuillus jeunes - Sauvagney | Piège 2 - boisement feuillus - Sauvagney | Maire 1 | Maire 2 | Solanetta_rnn_mantet,248880,248880,"Alcis repandata (Linnaeus, 1758)","Alcis repandata (Linnaeus, 1758)",species,Geometridae,Lepidoptera,Accepted,,Exact,,https://inpn.mnhn.fr/espece/cd_nom/248880
Aleucis distinctata,Aleucis distinctata,Aleucis distinctata,Aleucis,Geometridae,Ennominae,Species,"(HERRICH-SCHÄFFER, 1839)",EBMSM0000000011172,EBMSM0000000011172,457404,1,1,396416,Varennes 2,248843,248843,"Aleucis distinctata (Herrich-Schäffer, 1839)","Aleucis distinctata (Herrich-Schäffer, 1839)",species,Geometridae,Lepidoptera,Accepted,,Exact,,https://inpn.mnhn.fr/espece/cd_nom/248843
Angerona prunaria,Angerona prunaria,Angerona prunaria,Angerona,Geometridae,Ennominae,Species,"(LINNAEUS, 1758)",EBMSM0000000011273,EBMSM0000000011273,457505,12,12,395441 | 395447 | 395812 | 395813 | 395877 | 395878 | 396584 | 396585 | 396714 | 396715 | 396800 | 397624,côte de Mancy (Lons-le-Saunier) | Sur Mancy (Macornay) | La Truchère_dunes_boite_oeuf | La Truchère_tourbière | Piège 2 - boisement feuillus - Sauvagney | Piège 1 - boisement feuillus jeunes - Sauvagney | Montmain 1 | Montmain 2 | Piège 1 - boisement feuillus jeunes - Sauvagney | Piège 2 - boisement feuillus - Sauvagney | Bure - Oeuf | Mesves_IDB2,248833,248833,"Angerona prunaria (Linnaeus, 1758)","Angerona prunaria (Linnaeus, 1758)",species,Geometridae,Lepidoptera,Accepted,,Exact,,https://inpn.mnhn.fr/espece/cd_nom/248833
Anticlea derivata,Anticlea derivata,Anticlea derivata,Anticlea,Geometridae,Larentiinae,Species,"([DENIS & SCHIFFERMÜLLER], 1775)",EBMSM0000000011979,EBMSM0000000011979,458211,2,2,395447 | 396020,Sur Mancy (Macornay) | Remoray forêt1 vide,248695,248695,"Anticlea derivata (Denis & Schiffermüller, 1775)","Anticlea derivata (Denis & Schiffermüller, 1775)",species,Geometridae,Lepidoptera,Accepted,,Exact,,https://inpn.mnhn.fr/espece/cd_nom/248695
Anticollix sparsata,Anticollix sparsata,Anticollix sparsata,Anticollix,Geometridae,Larentiinae,Species,"(TREITSCHKE, 1828)",EBMSM0000000012212,EBMSM0000000012212,458444,1,1,396712,Piège 2 - aulnaie - marais de Saône,248709,248709,"Anticollix sparsata (Treitschke, 1828)","Anticollix sparsata (Treitschke, 1828)",species,Geometridae,Lepidoptera,Accepted,,Exact,,https://inpn.mnhn.fr/espece/cd_nom/248709
Apeira syringaria,Apeira syringaria,Apeira syringaria,Apeira,Geometridae,Ennominae,Species,"(LINNAEUS, 1758)",EBMSM0000000011111,EBMSM0000000011111,457343,4,4,396020 | 396714 | 396715 | 397631,Remoray forêt1 vide | Piège 1 - boisement feuillus jeunes - Sauvagney | Piège 2 - boisement feuillus - Sauvagney | Vernay 2,248933,248933,"Apeira syringaria (Linnaeus, 1758)","Apeira syringaria (Linnaeus, 1758)",species,Geometridae,Lepidoptera,Accepted,,Exact,,https://inpn.mnhn.fr/espece/cd_nom/248933
Aplocera efformata,Aplocera efformata,Aplocera efformata,Aplocera,Geometridae,Larentiinae,Species,"(GUENÉE, 1857)",EBMSM0000000012230,EBMSM0000000012230,458462,1,1,397630,Maire 2,248535,248535,"Aplocera efformata (Guenée, 1858)","Aplocera efformata (Guenée, 1858)",species,Geometridae,Lepidoptera,Accepted,,Exact,,https://inpn.mnhn.fr/espece/cd_nom/248535
Aplocera plagiata,Aplocera plagiata,Aplocera plagiata,Aplocera,Geometridae,Larentiinae,Species,"(LINNAEUS, 1758)",EBMSM0000000012227,EBMSM0000000012227,458459,4,4,394742 | 395441 | 396795 | 399055,Vernay 1 | côte de Mancy (Lons-le-Saunier) | Bure - sans-oeuf | Sous_col_mantet,248534,248534,"Aplocera plagiata (Linnaeus, 1758)","Aplocera plagiata (Linnaeus, 1758)",species,Geometridae,Lepidoptera,Accepted,,Exact,,https://inpn.mnhn.fr/espece/cd_nom/248534
Asthena albulata,Asthena albulata,Asthena albulata,Asthena,Geometridae,Larentiinae,Species,"(HUFNAGEL, 1767)",EBMSM0000000012141,EBMSM0000000012141,458373,9,6,395877 | 395878 | 396584 | 396585 | 396714 | 396715,Piège 2 - boisement feuillus - Sauvagney | Piège 1 - boisement feuillus jeunes - Sauvagney | Montmain 1 | Montmain 2 | Piège 1 - boisement feuillus jeunes - Sauvagney | Piège 2 - boisement feuillus - Sauvagney,248520,248520,"Asthena albulata (Hufnagel, 1767)","Asthena albulata (Hufnagel, 1767)",species,Geometridae,Lepidoptera,Accepted,,Exact,,https://inpn.mnhn.fr/espece/cd_nom/248520
Biston betularia,Biston betularia,Biston betularia,Biston,Geometridae,Ennominae,Species,"(LINNAEUS, 1758)",EBMSM0000000011335,EBMSM0000000011335,457567,1,1,399055,Sous_col_mantet,248853,248853,"Biston betularia (Linnaeus, 1758)","Biston betularia (Linnaeus, 1758)",species,Geometridae,Lepidoptera,Accepted,,Exact,,https://inpn.mnhn.fr/espece/cd_nom/248853
Biston strataria,Biston strataria,Biston strataria,Biston,Geometridae,Ennominae,Species,"(HUFNAGEL, 1767)",EBMSM0000000011333,EBMSM0000000011333,457565,1,1,395725,Voutenay_ThalOeufs,248852,248852,"Biston strataria (Hufnagel, 1767)","Biston strataria (Hufnagel, 1767)",species,Geometridae,Lepidoptera,Accepted,,Exact,,https://inpn.mnhn.fr/espece/cd_nom/248852
Bupalus piniaria,Bupalus piniaria,Bupalus piniaria,Bupalus,Geometridae,Ennominae,Species,"(LINNAEUS, 1758)",EBMSM0000000011491,EBMSM0000000011491,457723,3,2,397624 | 397629,Mesves_IDB2 | Maire 1,248911,248911,"Bupalus piniaria (Linnaeus, 1758)","Bupalus piniaria (Linnaeus, 1758)",species,Geometridae,Lepidoptera,Accepted,,Exact,,https://inpn.mnhn.fr/espece/cd_nom/248911
Cabera exanthemata,Cabera exanthemata,Cabera exanthemata,Cabera,Geometridae,Ennominae,Species,"(SCOPOLI, 1763)",EBMSM0000000011163,EBMSM0000000011163,457395,11,8,394742 | 395767 | 395813 | 395877 | 396710 | 396712 | 396715 | 396795,Vernay 1 | ZA 1 Oeufs | La Truchère_tourbière | Piège 2 - boisement feuillus - Sauvagney | Piège 1 - cariçaie - marais de Saône | Piège 2 - aulnaie - marais de Saône | Piège 2 - boisement feuillus - Sauvagney | Bure - sans-oeuf,248913,248913,"Cabera exanthemata (Scopoli, 1763)","Cabera exanthemata (Scopoli, 1763)",species,Geometridae,Lepidoptera,Accepted,,Exact,,https://inpn.mnhn.fr/espece/cd_nom/248913
Cabera pusaria,Cabera pusaria,Cabera pusaria,Cabera,Geometridae,Ennominae,Species,"(LINNAEUS, 1758)",EBMSM0000000011159,EBMSM0000000011159,457391,20,11,395813 | 396020 | 396584 | 396585 | 396712 | 396714 | 396715 | 397624 | 397629 | 397630 | 397631,La Truchère_tourbière | Remoray forêt1 vide | Montmain 1 | Montmain 2 | Piège 2 - aulnaie - marais de Saône | Piège 1 - boisement feuillus jeunes - Sauvagney | Piège 2 - boisement feuillus - Sauvagney | Mesves_IDB2 | Maire 1 | Maire 2 | Vernay 2,248912,248912,"Cabera pusaria (Linnaeus, 1758)","Cabera pusaria (Linnaeus, 1758)",species,Geometridae,Lepidoptera,Accepted,,Exact,,https://inpn.mnhn.fr/espece/cd_nom/248912
Campaea margaritaria,Campaea margaritaria,Campaea margaritaria,Campaea,Geometridae,Ennominae,Species,"(LINNAEUS, 1761)",EBMSM0000000011180,EBMSM0000000011180,457412,23,16,394742 | 395441 | 395764 | 395812 | 395878 | 396020 | 396022 | 396584 | 396585 | 396712 | 396714 | 396715 | 397620 | 397629 | 397630 | 397631,Vernay 1 | côte de Mancy (Lons-le-Saunier) | Voutenay_Thalsansoeufs02 | La Truchère_dunes_boite_oeuf | Piège 1 - boisement feuillus jeunes - Sauvagney | Remoray forêt1 vide | Remoray forêt2 oeufs | Montmain 1 | Montmain 2 | Piège 2 - aulnaie - marais de Saône | Piège 1 - boisement feuillus jeunes - Sauvagney | Piège 2 - boisement feuillus - Sauvagney | Mesves_IDB1 | Maire 1 | Maire 2 | Vernay 2,248918,248918,"Campaea margaritaria (Linnaeus, 1761)","Campaea margaritaria (Linnaeus, 1761)",species,Geometridae,Lepidoptera,Accepted,,Exact,,https://inpn.mnhn.fr/espece/cd_nom/248918
Camptogramma bilineata,Camptogramma bilineata,Camptogramma bilineata,Camptogramma,Geometridae,Larentiinae,Species,"(LINNAEUS, 1758)",EBMSM0000000011939,EBMSM0000000011939,458171,7,7,395441 | 395812 | 396584 | 396585 | 396714 | 396715 | 397629,côte de Mancy (Lons-le-Saunier) | La Truchère_dunes_boite_oeuf | Montmain 1 | Montmain 2 | Piège 1 - boisement feuillus jeunes - Sauvagney | Piège 2 - boisement feuillus - Sauvagney | Maire 1,248765,248765,"Camptogramma bilineata (Linnaeus, 1758)","Camptogramma bilineata (Linnaeus, 1758)",species,Geometridae,Lepidoptera,Accepted,,Exact,,https://inpn.mnhn.fr/espece/cd_nom/248765
Catarhoe cuculata,Catarhoe cuculata,Catarhoe cuculata,Catarhoe,Geometridae,Larentiinae,Species,"(HUFNAGEL, 1767)",EBMSM0000000011932,EBMSM0000000011932,458164,1,1,399055,Sous_col_mantet,248781,248781,"Catarhoe cuculata (Hufnagel, 1767)","Catarhoe cuculata (Hufnagel, 1767)",species,Geometridae,Lepidoptera,Accepted,,Exact,,https://inpn.mnhn.fr/espece/cd_nom/248781
Catarhoe rubidata,Catarhoe rubidata,Catarhoe rubidata,Catarhoe,Geometridae,Larentiinae,Species,"([DENIS & SCHIFFERMÜLLER], 1775)",EBMSM0000000011934,EBMSM0000000011934,458166,4,4,395764 | 395885 | 396414 | 396416,Voutenay_Thalsansoeufs02 | Comolle 1 | Varennes 1 | Varennes 2,248782,248782,"Catarhoe rubidata (Denis & Schiffermüller, 1775)","Catarhoe rubidata (Denis & Schiffermüller, 1775)",species,Geometridae,Lepidoptera,Accepted,,Exact,,https://inpn.mnhn.fr/espece/cd_nom/248782
Cepphis advenaria,Cepphis advenaria,Cepphis advenaria,Cepphis,Geometridae,Ennominae,Species,"(HÜBNER, [1790])",EBMSM0000000011100,EBMSM0000000011100,457332,2,2,395878 | 396584,Piège 1 - boisement feuillus jeunes - Sauvagney | Montmain 1,248983,248983,"Cepphis advenaria (Hübner, 1790)","Cepphis advenaria (Hübner, 1790)",species,Geometridae,Lepidoptera,Accepted,,Exact,,https://inpn.mnhn.fr/espece/cd_nom/248983
Charissa glaucinaria,Charissa glaucinaria,Charissa glaucinaria,Charissa,Geometridae,Ennominae,Species,"(HÜBNER, [1799])",EBMSM0000000011223,EBMSM0000000011223,457455,1,1,399055,Sous_col_mantet,458686,458686,"Charissa glaucinaria (Hübner, 1799)","Charissa glaucinaria (Hübner, 1799)",species,Geometridae,Lepidoptera,Accepted,,Exact,,https://inpn.mnhn.fr/espece/cd_nom/458686
Charissa obscurata,Charissa obscurata,Charissa obscurata,Charissa,Geometridae,Ennominae,Species,"([DENIS & SCHIFFERMÜLLER], 1775)",EBMSM0000000011201,EBMSM0000000011201,457433,3,2,396584 | 399051,Montmain 1 | Solanetta_rnn_mantet,248963,248963,"Charissa obscurata (Denis & Schiffermüller, 1775)","Charissa obscurata (Denis & Schiffermüller, 1775)",species,Geometridae,Lepidoptera,Accepted,,Exact,,https://inpn.mnhn.fr/espece/cd_nom/248963
Charissa pullata,Charissa pullata,Charissa pullata,Charissa,Geometridae,Ennominae,Species,"([DENIS & SCHIFFERMÜLLER], 1775)",EBMSM0000000011214,EBMSM0000000011214,457446,1,1,399051,Solanetta_rnn_mantet,781820,781820,"Charissa pullata (Denis & Schiffermüller, 1775)","Charissa pullata (Denis & Schiffermüller, 1775)",species,Geometridae,Lepidoptera,Accepted,,Exact,,https://inpn.mnhn.fr/espece/cd_nom/781820
Chesias rufata,Chesias rufata,Chesias rufata,Chesias,Geometridae,Larentiinae,Species,"(FABRICIUS, 1775)",EBMSM0000000012241,EBMSM0000000012241,458473,2,2,397630 | 399055,Maire 2 | Sous_col_mantet,248543,248543,"Chesias rufata (Fabricius, 1775)","Chesias rufata (Fabricius, 1775)",species,Geometridae,Lepidoptera,Accepted,,Exact,,https://inpn.mnhn.fr/espece/cd_nom/248543
Chiasmia clathrata,Chiasmia clathrata,Chiasmia clathrata,Chiasmia,Geometridae,Ennominae,Species,"(LINNAEUS, 1758)",EBMSM0000000011070,EBMSM0000000011070,457302,10,9,395441 | 395763 | 395767 | 396022 | 396414 | 396416 | 396712 | 396714 | 399055,côte de Mancy (Lons-le-Saunier) | Remoray Zh1 ouef | ZA 1 Oeufs | Remoray forêt2 oeufs | Varennes 1 | Varennes 2 | Piège 2 - aulnaie - marais de Saône | Piège 1 - boisement feuillus jeunes - Sauvagney | Sous_col_mantet,248995,248995,"Chiasmia clathrata (Linnaeus, 1758)","Chiasmia clathrata (Linnaeus, 1758)",species,Geometridae,Lepidoptera,Accepted,,Exact,,https://inpn.mnhn.fr/espece/cd_nom/248995
Chlorissa viridata,Chlorissa viridata,Chlorissa viridata,Chlorissa,Geometridae,Geometrinae,Species,"(LINNAEUS, 1758)",EBMSM0000000011524,EBMSM0000000011524,457756,1,1,395441,côte de Mancy (Lons-le-Saunier),248818,248818,"Chlorissa viridata (Linnaeus, 1758)","Chlorissa viridata (Linnaeus, 1758)",species,Geometridae,Lepidoptera,Accepted,,Exact,,https://inpn.mnhn.fr/espece/cd_nom/248818
Chloroclysta miata,Chloroclysta miata,Chloroclysta miata,Chloroclysta,Geometridae,Larentiinae,Species,"(LINNAEUS, 1758)",EBMSM0000000012068,EBMSM0000000012068,458300,1,1,399055,Sous_col_mantet,248570,248570,"Chloroclysta miata (Linnaeus, 1758)","Chloroclysta miata (Linnaeus, 1758)",species,Geometridae,Lepidoptera,Accepted,,Exact,,https://inpn.mnhn.fr/espece/cd_nom/248570
Chloroclysta siterata,Chloroclysta siterata,Chloroclysta siterata,Chloroclysta,Geometridae,Larentiinae,Species,"(HUFNAGEL, 1767)",EBMSM0000000012066,EBMSM0000000012066,458298,1,1,399055,Sous_col_mantet,248569,248569,"Chloroclysta siterata (Hufnagel, 1767)","Chloroclysta siterata (Hufnagel, 1767)",species,Geometridae,Lepidoptera,Accepted,,Exact,,https://inpn.mnhn.fr/espece/cd_nom/248569
Chloroclystis v-ata,Chloroclystis v-ata,Chloroclystis v-ata,Chloroclystis,Geometridae,Larentiinae,Species,"(HAWORTH, [1809])",EBMSM0000000012319,EBMSM0000000012319,458551,1,1,395447,Sur Mancy (Macornay),248593,248593,"Chloroclystis v-ata (Haworth, 1809)","Chloroclystis v-ata (Haworth, 1809)",species,Geometridae,Lepidoptera,Accepted,,Exact,,https://inpn.mnhn.fr/espece/cd_nom/248593
Cidaria fulvata,Cidaria fulvata,Cidaria fulvata,Cidaria,Geometridae,Larentiinae,Species,"(FORSTER, 1771)",EBMSM0000000012040,EBMSM0000000012040,458272,3,3,396416 | 396795 | 399051,Varennes 2 | Bure - sans-oeuf | Solanetta_rnn_mantet,248566,248566,"Cidaria fulvata (J.R. Forster, 1771)","Cidaria fulvata (J.R. Forster, 1771)",species,Geometridae,Lepidoptera,Accepted,,Exact,,https://inpn.mnhn.fr/espece/cd_nom/248566
Cleora cinctaria,Cleora cinctaria,Cleora cinctaria,Cleora,Geometridae,Ennominae,Species,"([DENIS & SCHIFFERMÜLLER], 1775)",EBMSM0000000011434,EBMSM0000000011434,457666,2,2,395441 | 395447,côte de Mancy (Lons-le-Saunier) | Sur Mancy (Macornay),248884,248884,"Cleora cinctaria (Denis & Schiffermüller, 1775)","Cleora cinctaria (Denis & Schiffermüller, 1775)",species,Geometridae,Lepidoptera,Accepted,,Exact,,https://inpn.mnhn.fr/espece/cd_nom/248884
Cleorodes lichenaria,Cleorodes lichenaria,Cleorodes lichenaria,Cleorodes,Geometridae,Ennominae,Species,"(HUFNAGEL, 1767)",EBMSM0000000011455,EBMSM0000000011455,457687,6,5,395764 | 395885 | 396710 | 397620 | 397624,Voutenay_Thalsansoeufs02 | Comolle 1 | Piège 1 - cariçaie - marais de Saône | Mesves_IDB1 | Mesves_IDB2,248874,248874,"Cleorodes lichenaria (Hufnagel, 1767)","Cleorodes lichenaria (Hufnagel, 1767)",species,Geometridae,Lepidoptera,Accepted,,Exact,,https://inpn.mnhn.fr/espece/cd_nom/248874
Coenotephria salicata,Coenotephria salicata,Coenotephria salicata,Coenotephria,Geometridae,Larentiinae,Species,"([DENIS & SCHIFFERMÜLLER], 1775)",EBMSM0000000012106,EBMSM0000000012106,458338,1,1,399051,Solanetta_rnn_mantet,248578,248578,"Coenotephria salicata (Denis & Schiffermüller, 1775)","Coenotephria salicata (Denis & Schiffermüller, 1775)",species,Geometridae,Lepidoptera,Accepted,,Exact,,https://inpn.mnhn.fr/espece/cd_nom/248578
Colostygia olivata,Colostygia olivata,Colostygia olivata,Colostygia,Geometridae,Larentiinae,Species,"([DENIS & SCHIFFERMÜLLER], 1775)",EBMSM0000000012079,EBMSM0000000012079,458311,1,1,399051,Solanetta_rnn_mantet,248545,248545,"Colostygia olivata (Denis & Schiffermüller, 1775)","Colostygia olivata (Denis & Schiffermüller, 1775)",species,Geometridae,Lepidoptera,Accepted,,Exact,,https://inpn.mnhn.fr/espece/cd_nom/248545
Colostygia pectinataria,Colostygia pectinataria,Colostygia pectinataria,Colostygia,Geometridae,Larentiinae,Species,"(KNOCH, 1781)",EBMSM0000000012085,EBMSM0000000012085,458317,13,11,395764 | 395768 | 395877 | 395878 | 396022 | 396416 | 396585 | 396800 | 397620 | 397629 | 397630,Voutenay_Thalsansoeufs02 | ZA 2 vide | Piège 2 - boisement feuillus - Sauvagney | Piège 1 - boisement feuillus jeunes - Sauvagney | Remoray forêt2 oeufs | Varennes 2 | Montmain 2 | Bure - Oeuf | Mesves_IDB1 | Maire 1 | Maire 2,248547,248547,"Colostygia pectinataria (Knoch, 1781)","Colostygia pectinataria (Knoch, 1781)",species,Geometridae,Lepidoptera,Accepted,,Exact,,https://inpn.mnhn.fr/espece/cd_nom/248547
Cosmorhoe ocellata,Cosmorhoe ocellata,Cosmorhoe ocellata,Cosmorhoe,Geometridae,Larentiinae,Species,"(LINNAEUS, 1758)",EBMSM0000000012045,EBMSM0000000012045,458277,2,2,395441 | 397624,côte de Mancy (Lons-le-Saunier) | Mesves_IDB2,248584,248584,"Cosmorhoe ocellata (Linnaeus, 1758)","Cosmorhoe ocellata (Linnaeus, 1758)",species,Geometridae,Lepidoptera,Accepted,,Exact,,https://inpn.mnhn.fr/espece/cd_nom/248584
Crocallis elinguaria,Crocallis elinguaria,Crocallis elinguaria,Crocallis,Geometridae,Ennominae,Species,"(LINNAEUS, 1758)",EBMSM0000000011144,EBMSM0000000011144,457376,21,18,394742 | 395441 | 395725 | 395764 | 395812 | 395877 | 395878 | 396414 | 396416 | 396584 | 396585 | 396710 | 396712 | 396714 | 396715 | 397620 | 397624 | 397630,Vernay 1 | côte de Mancy (Lons-le-Saunier) | Voutenay_ThalOeufs | Voutenay_Thalsansoeufs02 | La Truchère_dunes_boite_oeuf | Piège 2 - boisement feuillus - Sauvagney | Piège 1 - boisement feuillus jeunes - Sauvagney | Varennes 1 | Varennes 2 | Montmain 1 | Montmain 2 | Piège 1 - cariçaie - marais de Saône | Piège 2 - aulnaie - marais de Saône | Piège 1 - boisement feuillus jeunes - Sauvagney | Piège 2 - boisement feuillus - Sauvagney | Mesves_IDB1 | Mesves_IDB2 | Maire 2,248970,248970,"Crocallis elinguaria (Linnaeus, 1758)","Crocallis elinguaria (Linnaeus, 1758)",species,Geometridae,Lepidoptera,Accepted,,Exact,,https://inpn.mnhn.fr/espece/cd_nom/248970
Cyclophora albipunctata,Cyclophora albipunctata,Cyclophora albipunctata,Cyclophora,Geometridae,Sterrhinae,Species,"(HUFNAGEL, 1767)",EBMSM0000000011817,EBMSM0000000011817,458049,3,3,395813 | 396584 | 396585,La Truchère_tourbière | Montmain 1 | Montmain 2,248405,248405,"Cyclophora albipunctata (Hufnagel, 1767)","Cyclophora albipunctata (Hufnagel, 1767)",species,Geometridae,Lepidoptera,Accepted,,Exact,,https://inpn.mnhn.fr/espece/cd_nom/248405
Cyclophora annularia,Cyclophora annularia,Cyclophora annularia,Cyclophora,Geometridae,Sterrhinae,Species,"(FABRICIUS, 1775)",EBMSM0000000011824,EBMSM0000000011824,458056,2,2,396714 | 396715,Piège 1 - boisement feuillus jeunes - Sauvagney | Piège 2 - boisement feuillus - Sauvagney,248404,248404,"Cyclophora annularia (Fabricius, 1775)","Cyclophora annularia (Fabricius, 1775)",species,Geometridae,Lepidoptera,Accepted,,Exact,,https://inpn.mnhn.fr/espece/cd_nom/248404
Cyclophora linearia,Cyclophora linearia,Cyclophora linearia,Cyclophora,Geometridae,Sterrhinae,Species,"(HÜBNER, [1799])",EBMSM0000000011840,EBMSM0000000011840,458072,17,9,394742 | 396584 | 396585 | 396714 | 396715 | 396800 | 397629 | 397630 | 397631,Vernay 1 | Montmain 1 | Montmain 2 | Piège 1 - boisement feuillus jeunes - Sauvagney | Piège 2 - boisement feuillus - Sauvagney | Bure - Oeuf | Maire 1 | Maire 2 | Vernay 2,248412,248412,"Cyclophora linearia (Hübner, 1799)","Cyclophora linearia (Hübner, 1799)",species,Geometridae,Lepidoptera,Accepted,,Exact,,https://inpn.mnhn.fr/espece/cd_nom/248412
Cyclophora pendularia,Cyclophora pendularia,Cyclophora pendularia,Cyclophora,Geometridae,Sterrhinae,Species,"(CLERCK, 1759)",EBMSM0000000011815,EBMSM0000000011815,458047,6,5,395813 | 395877 | 396712 | 396714 | 396800,La Truchère_tourbière | Piège 2 - boisement feuillus - Sauvagney | Piège 2 - aulnaie - marais de Saône | Piège 1 - boisement feuillus jeunes - Sauvagney | Bure - Oeuf,248402,248402,"Cyclophora pendularia (Clerck, 1759)","Cyclophora pendularia (Clerck, 1759)",species,Geometridae,Lepidoptera,Accepted,,Exact,,https://inpn.mnhn.fr/espece/cd_nom/248402
Cyclophora punctaria,Cyclophora punctaria,Cyclophora punctaria,Cyclophora,Geometridae,Sterrhinae,Species,"(LINNAEUS, 1758)",EBMSM0000000011838,EBMSM0000000011838,458070,7,5,395813 | 395877 | 396585 | 396714 | 396715,La Truchère_tourbière | Piège 2 - boisement feuillus - Sauvagney | Montmain 2 | Piège 1 - boisement feuillus jeunes - Sauvagney | Piège 2 - boisement feuillus - Sauvagney,248410,248410,"Cyclophora punctaria (Linnaeus, 1758)","Cyclophora punctaria (Linnaeus, 1758)",species,Geometridae,Lepidoptera,Accepted,,Exact,,https://inpn.mnhn.fr/espece/cd_nom/248410
Cyclophora ruficiliaria,Cyclophora ruficiliaria,Cyclophora ruficiliaria,Cyclophora,Geometridae,Sterrhinae,Species,"(HERRICH-SCHÄFFER, [1855])",EBMSM0000000011832,EBMSM0000000011832,458064,1,1,395764,Voutenay_Thalsansoeufs02,248407,248407,"Cyclophora ruficiliaria (Herrich-Schäffer, 1855)","Cyclophora ruficiliaria (Herrich-Schäffer, 1855)",species,Geometridae,Lepidoptera,Accepted,,Exact,,https://inpn.mnhn.fr/espece/cd_nom/248407
Deileptenia ribeata,Deileptenia ribeata,Deileptenia ribeata,Deileptenia,Geometridae,Ennominae,Species,"(CLERCK, 1759)",EBMSM0000000011436,EBMSM0000000011436,457668,5,5,396022 | 396584 | 396585 | 396714 | 396715,Remoray forêt2 oeufs | Montmain 1 | Montmain 2 | Piège 1 - boisement feuillus jeunes - Sauvagney | Piège 2 - boisement feuillus - Sauvagney,248883,248883,"Deileptenia ribeata (Clerck, 1759)","Deileptenia ribeata (Clerck, 1759)",species,Geometridae,Lepidoptera,Accepted,,Exact,,https://inpn.mnhn.fr/espece/cd_nom/248883
Dysstroma truncata,Dysstroma truncata,Dysstroma truncata,Dysstroma,Geometridae,Larentiinae,Species,"(HUFNAGEL, 1767)",EBMSM0000000012073,EBMSM0000000012073,458305,2,2,395813 | 396714,La Truchère_tourbière | Piège 1 - boisement feuillus jeunes - Sauvagney,248567,248567,"Dysstroma truncata (Hufnagel, 1767)","Dysstroma truncata (Hufnagel, 1767)",species,Geometridae,Lepidoptera,Accepted,,Exact,,https://inpn.mnhn.fr/espece/cd_nom/248567
Earophila badiata,Earophila badiata,Earophila badiata,Earophila,Geometridae,Larentiinae,Species,"([DENIS & SCHIFFERMÜLLER], 1775)",EBMSM0000000011977,EBMSM0000000011977,458209,1,1,398134,THALERA_EYNE_2_boite_oeuf,248694,248694,"Earophila badiata (Denis & Schiffermüller, 1775)","Earophila badiata (Denis & Schiffermüller, 1775)",species,Geometridae,Lepidoptera,Accepted,,Exact,,https://inpn.mnhn.fr/espece/cd_nom/248694
Ecliptopera silaceata,Ecliptopera silaceata,Ecliptopera silaceata,Ecliptopera,Geometridae,Larentiinae,Species,"([DENIS & SCHIFFERMÜLLER], 1775)",EBMSM0000000012064,EBMSM0000000012064,458296,2,2,396020 | 396715,Remoray forêt1 vide | Piège 2 - boisement feuillus - Sauvagney,248572,248572,"Ecliptopera silaceata (Denis & Schiffermüller, 1775)","Ecliptopera silaceata (Denis & Schiffermüller, 1775)",species,Geometridae,Lepidoptera,Accepted,,Exact,,https://inpn.mnhn.fr/espece/cd_nom/248572
Ectropis crepuscularia,Ectropis crepuscularia,Ectropis crepuscularia,Ectropis,Geometridae,Ennominae,Species,"([DENIS & SCHIFFERMÜLLER], 1775)",EBMSM0000000011462,EBMSM0000000011462,457694,24,15,394742 | 395812 | 395813 | 395885 | 395886 | 396020 | 396022 | 396584 | 396585 | 396712 | 396714 | 396715 | 397620 | 397629 | 397630,Vernay 1 | La Truchère_dunes_boite_oeuf | La Truchère_tourbière | Comolle 1 | Comolle 2 | Remoray forêt1 vide | Remoray forêt2 oeufs | Montmain 1 | Montmain 2 | Piège 2 - aulnaie - marais de Saône | Piège 1 - boisement feuillus jeunes - Sauvagney | Piège 2 - boisement feuillus - Sauvagney | Mesves_IDB1 | Maire 1 | Maire 2,248871,248871,"Ectropis crepuscularia (Denis & Schiffermüller, 1775)","Ectropis crepuscularia (Denis & Schiffermüller, 1775)",species,Geometridae,Lepidoptera,Accepted,,Exact,,https://inpn.mnhn.fr/espece/cd_nom/248871
Electrophaes corylata,Electrophaes corylata,Electrophaes corylata,Electrophaes,Geometridae,Larentiinae,Species,"(THUNBERG & SEBALDT, 1792)",EBMSM0000000012043,EBMSM0000000012043,458275,1,1,396585,Montmain 2,248554,248554,"Electrophaes corylata (Thunberg & Sebaldt, 1792)","Electrophaes corylata (Thunberg & Sebaldt, 1792)",species,Geometridae,Lepidoptera,Accepted,,Exact,,https://inpn.mnhn.fr/espece/cd_nom/248554
Elophos dilucidaria,Elophos dilucidaria,Elophos dilucidaria,Elophos,Geometridae,Ennominae,Species,"([DENIS & SCHIFFERMÜLLER], 1775)",EBMSM0000000011234,EBMSM0000000011234,457466,2,2,395877 | 399055,Piège 2 - boisement feuillus - Sauvagney | Sous_col_mantet,248949,931373,"Elophos dilucidaria (Denis & Schiffermüller, 1775)","Yezognophos dilucidaria (Denis & Schiffermüller, 1775)",species,Geometridae,Lepidoptera,Synonym,,Exact,,https://inpn.mnhn.fr/espece/cd_nom/248949
Ennomos alniaria,Ennomos alniaria,Ennomos alniaria,Ennomos,Geometridae,Ennominae,Species,"(LINNAEUS, 1758)",EBMSM0000000011117,EBMSM0000000011117,457349,3,3,394742 | 396712 | 397630,Vernay 1 | Piège 2 - aulnaie - marais de Saône | Maire 2,248929,248929,"Ennomos alniaria (Linnaeus, 1758)","Ennomos alniaria (Linnaeus, 1758)",species,Geometridae,Lepidoptera,Accepted,,Exact,,https://inpn.mnhn.fr/espece/cd_nom/248929
Ennomos erosaria,Ennomos erosaria,Ennomos erosaria,Ennomos,Geometridae,Ennominae,Species,"([DENIS & SCHIFFERMÜLLER], 1775)",EBMSM0000000011122,EBMSM0000000011122,457354,1,1,397631,Vernay 2,248931,248931,"Ennomos erosaria (Denis & Schiffermüller, 1775)","Ennomos erosaria (Denis & Schiffermüller, 1775)",species,Geometridae,Lepidoptera,Accepted,,Exact,,https://inpn.mnhn.fr/espece/cd_nom/248931
Ennomos fuscantaria,Ennomos fuscantaria,Ennomos fuscantaria,Ennomos,Geometridae,Ennominae,Species,"(HAWORTH, [1809])",EBMSM0000000011119,EBMSM0000000011119,457351,3,3,395885 | 396416 | 396715,Comolle 1 | Varennes 2 | Piège 2 - boisement feuillus - Sauvagney,248930,248930,"Ennomos fuscantaria (Haworth, 1809)","Ennomos fuscantaria (Haworth, 1809)",species,Geometridae,Lepidoptera,Accepted,,Exact,,https://inpn.mnhn.fr/espece/cd_nom/248930
Ennomos quercinaria,Ennomos quercinaria,Ennomos quercinaria,Ennomos,Geometridae,Ennominae,Species,"(HUFNAGEL, 1767)",EBMSM0000000011115,EBMSM0000000011115,457347,10,8,394742 | 395877 | 395878 | 396584 | 396585 | 396714 | 396715 | 396800,Vernay 1 | Piège 2 - boisement feuillus - Sauvagney | Piège 1 - boisement feuillus jeunes - Sauvagney | Montmain 1 | Montmain 2 | Piège 1 - boisement feuillus jeunes - Sauvagney | Piège 2 - boisement feuillus - Sauvagney | Bure - Oeuf,248928,248928,"Ennomos quercinaria (Hufnagel, 1767)","Ennomos quercinaria (Hufnagel, 1767)",species,Geometridae,Lepidoptera,Accepted,,Exact,,https://inpn.mnhn.fr/espece/cd_nom/248928
Entephria caesiata,Entephria caesiata,Entephria caesiata,Entephria,Geometridae,Larentiinae,Species,"([DENIS & SCHIFFERMÜLLER], 1775)",EBMSM0000000012002,EBMSM0000000012002,458234,1,1,399055,Sous_col_mantet,248704,248704,"Entephria caesiata (Denis & Schiffermüller, 1775)","Entephria caesiata (Denis & Schiffermüller, 1775)",species,Geometridae,Lepidoptera,Accepted,,Exact,,https://inpn.mnhn.fr/espece/cd_nom/248704
Entephria infidaria,Entephria infidaria,Entephria infidaria,Entephria,Geometridae,Larentiinae,Species,"(DE LA HARPE, [1853])",EBMSM0000000012000,EBMSM0000000012000,458232,2,2,396020 | 396022,Remoray forêt1 vide | Remoray forêt2 oeufs,248703,248703,"Entephria infidaria (de La Harpe, 1853)","Entephria infidaria (de La Harpe, 1853)",species,Geometridae,Lepidoptera,Accepted,,Exact,,https://inpn.mnhn.fr/espece/cd_nom/248703
Epirrhoe alternata,Epirrhoe alternata,Epirrhoe alternata,Epirrhoe,Geometridae,Larentiinae,Species,"(MÜLLER, 1764)",EBMSM0000000011950,EBMSM0000000011950,458182,9,8,395813 | 396416 | 396584 | 396712 | 396715 | 397620 | 397624 | 397629,La Truchère_tourbière | Varennes 2 | Montmain 1 | Piège 2 - aulnaie - marais de Saône | Piège 2 - boisement feuillus - Sauvagney | Mesves_IDB1 | Mesves_IDB2 | Maire 1,248771,248771,"Epirrhoe alternata (O.F. Müller, 1764)","Epirrhoe alternata (O.F. Müller, 1764)",species,Geometridae,Lepidoptera,Accepted,,Exact,,https://inpn.mnhn.fr/espece/cd_nom/248771
Epirrhoe galiata,Epirrhoe galiata,Epirrhoe galiata,Epirrhoe,Geometridae,Larentiinae,Species,"([DENIS & SCHIFFERMÜLLER], 1775)",EBMSM0000000011958,EBMSM0000000011958,458190,5,4,395725 | 395764 | 399051 | 399055,Voutenay_ThalOeufs | Voutenay_Thalsansoeufs02 | Solanetta_rnn_mantet | Sous_col_mantet,248775,248775,"Epirrhoe galiata (Denis & Schiffermüller, 1775)","Epirrhoe galiata (Denis & Schiffermüller, 1775)",species,Geometridae,Lepidoptera,Accepted,,Exact,,https://inpn.mnhn.fr/espece/cd_nom/248775
Epirrhoe rivata,Epirrhoe rivata,Epirrhoe rivata,Epirrhoe,Geometridae,Larentiinae,Species,"(HÜBNER, [1813])",EBMSM0000000011952,EBMSM0000000011952,458184,1,1,395885,Comolle 1,248772,248772,"Epirrhoe rivata (Hübner, 1813)","Epirrhoe rivata (Hübner, 1813)",species,Geometridae,Lepidoptera,Accepted,,Exact,,https://inpn.mnhn.fr/espece/cd_nom/248772
Euchoeca nebulata,Euchoeca nebulata,Euchoeca nebulata,Euchoeca,Geometridae,Larentiinae,Species,"(SCOPOLI, 1763)",EBMSM0000000012146,EBMSM0000000012146,458378,4,3,395878 | 396712 | 396714,Piège 1 - boisement feuillus jeunes - Sauvagney | Piège 2 - aulnaie - marais de Saône | Piège 1 - boisement feuillus jeunes - Sauvagney,248522,248522,"Euchoeca nebulata (Scopoli, 1763)","Euchoeca nebulata (Scopoli, 1763)",species,Geometridae,Lepidoptera,Accepted,,Exact,,https://inpn.mnhn.fr/espece/cd_nom/248522
Eulithis populata,Eulithis populata,Eulithis populata,Eulithis,Geometridae,Larentiinae,Species,"(LINNAEUS, 1758)",EBMSM0000000012053,EBMSM0000000012053,458285,1,1,395812,La Truchère_dunes_boite_oeuf,248576,248576,"Eulithis populata (Linnaeus, 1758)","Eulithis populata (Linnaeus, 1758)",species,Geometridae,Lepidoptera,Accepted,,Exact,,https://inpn.mnhn.fr/espece/cd_nom/248576
Eulithis prunata,Eulithis prunata,Eulithis prunata,Eulithis,Geometridae,Larentiinae,Species,"(LINNAEUS, 1758)",EBMSM0000000012049,EBMSM0000000012049,458281,8,7,395441 | 395812 | 396022 | 396416 | 396712 | 396795 | 396800,côte de Mancy (Lons-le-Saunier) | La Truchère_dunes_boite_oeuf | Remoray forêt2 oeufs | Varennes 2 | Piège 2 - aulnaie - marais de Saône | Bure - sans-oeuf | Bure - Oeuf,248574,248574,"Eulithis prunata (Linnaeus, 1758)","Eulithis prunata (Linnaeus, 1758)",species,Geometridae,Lepidoptera,Accepted,,Exact,,https://inpn.mnhn.fr/espece/cd_nom/248574
Eulithis testata,Eulithis testata,Eulithis testata,Eulithis,Geometridae,Larentiinae,Species,"(LINNAEUS, 1761)",EBMSM0000000012051,EBMSM0000000012051,458283,3,3,394742 | 396795 | 396800,Vernay 1 | Bure - sans-oeuf | Bure - Oeuf,248575,248575,"Eulithis testata (Linnaeus, 1761)","Eulithis testata (Linnaeus, 1761)",species,Geometridae,Lepidoptera,Accepted,,Exact,,https://inpn.mnhn.fr/espece/cd_nom/248575
Euphyia biangulata,Euphyia biangulata,Euphyia biangulata,Euphyia,Geometridae,Larentiinae,Species,"(HAWORTH, [1809])",EBMSM0000000011963,EBMSM0000000011963,458195,2,2,394742 | 399051,Vernay 1 | Solanetta_rnn_mantet,248587,248587,"Euphyia biangulata (Haworth, 1809)","Euphyia biangulata (Haworth, 1809)",species,Geometridae,Lepidoptera,Accepted,,Exact,,https://inpn.mnhn.fr/espece/cd_nom/248587
Eupithecia abbreviata,Eupithecia abbreviata,Eupithecia abbreviata,Eupithecia,Geometridae,Larentiinae,Species,"STEPHENS, 1831",EBMSM0000000012370,EBMSM0000000012370,458602,2,2,395725 | 396416,Voutenay_ThalOeufs | Varennes 2,248616,248616,"Eupithecia abbreviata Stephens, 1831","Eupithecia abbreviata Stephens, 1831",species,Geometridae,Lepidoptera,Accepted,,Exact,,https://inpn.mnhn.fr/espece/cd_nom/248616
Eupithecia absinthiata,Eupithecia absinthiata,Eupithecia absinthiata,Eupithecia,Geometridae,Larentiinae,Species,"(CLERCK, 1759)",EBMSM0000000012486,EBMSM0000000012486,458718,1,1,396020,Remoray forêt1 vide,248665,248665,"Eupithecia absinthiata (Clerck, 1759)","Eupithecia absinthiata (Clerck, 1759)",species,Geometridae,Lepidoptera,Accepted,,Exact,,https://inpn.mnhn.fr/espece/cd_nom/248665
Eupithecia centaureata,Eupithecia centaureata,Eupithecia centaureata,Eupithecia,Geometridae,Larentiinae,Species,"([DENIS & SCHIFFERMÜLLER], 1775)",EBMSM0000000012460,EBMSM0000000012460,458692,1,1,397630,Maire 2,248653,248653,"Eupithecia centaureata (Denis & Schiffermüller, 1775)","Eupithecia centaureata (Denis & Schiffermüller, 1775)",species,Geometridae,Lepidoptera,Accepted,,Exact,,https://inpn.mnhn.fr/espece/cd_nom/248653
Eupithecia dodoneata,Eupithecia dodoneata,Eupithecia dodoneata,Eupithecia,Geometridae,Larentiinae,Species,"GUENÉE, 1857",EBMSM0000000012373,EBMSM0000000012373,458605,4,4,395725 | 395886 | 396414 | 396416,Voutenay_ThalOeufs | Comolle 2 | Varennes 1 | Varennes 2,248618,248618,"Eupithecia dodoneata Guenée, 1858","Eupithecia dodoneata Guenée, 1858",species,Geometridae,Lepidoptera,Accepted,,Exact,,https://inpn.mnhn.fr/espece/cd_nom/248618
Eupithecia exiguata,Eupithecia exiguata,Eupithecia exiguata,Eupithecia,Geometridae,Larentiinae,Species,"(HÜBNER, [1813])",EBMSM0000000012507,EBMSM0000000012507,458739,1,1,396800,Bure - Oeuf,248672,248672,"Eupithecia exiguata (Hübner, 1813)","Eupithecia exiguata (Hübner, 1813)",species,Geometridae,Lepidoptera,Accepted,,Exact,,https://inpn.mnhn.fr/espece/cd_nom/248672
Eupithecia icterata,Eupithecia icterata,Eupithecia icterata,Eupithecia,Geometridae,Larentiinae,Species,"(DE VILLERS, 1789)",EBMSM0000000012520,EBMSM0000000012520,458752,1,1,399051,Solanetta_rnn_mantet,248679,248679,"Eupithecia icterata (Villers, 1789)","Eupithecia icterata (Villers, 1789)",species,Geometridae,Lepidoptera,Accepted,,Exact,,https://inpn.mnhn.fr/espece/cd_nom/248679
Eupithecia inturbata,Eupithecia inturbata,Eupithecia inturbata,Eupithecia,Geometridae,Larentiinae,Species,"(HÜBNER, [1817])",EBMSM0000000012331,EBMSM0000000012331,458563,1,1,396800,Bure - Oeuf,248597,248597,"Eupithecia inturbata (Hübner, 1817)","Eupithecia inturbata (Hübner, 1817)",species,Geometridae,Lepidoptera,Accepted,,Exact,,https://inpn.mnhn.fr/espece/cd_nom/248597
Eupithecia irriguata,Eupithecia irriguata,Eupithecia irriguata,Eupithecia,Geometridae,Larentiinae,Species,"(HÜBNER, [1813])",EBMSM0000000012447,EBMSM0000000012447,458679,1,1,396416,Varennes 2,248647,248647,"Eupithecia irriguata (Hübner, 1813)","Eupithecia irriguata (Hübner, 1813)",species,Geometridae,Lepidoptera,Accepted,,Exact,,https://inpn.mnhn.fr/espece/cd_nom/248647
Eupithecia lanceata,Eupithecia lanceata,Eupithecia lanceata,Eupithecia,Geometridae,Larentiinae,Species,"(HÜBNER, [1825])",EBMSM0000000012399,EBMSM0000000012399,458631,2,2,396022 | 396795,Remoray forêt2 oeufs | Bure - sans-oeuf,248633,248633,"Eupithecia lanceata (Hübner, 1825)","Eupithecia lanceata (Hübner, 1825)",species,Geometridae,Lepidoptera,Accepted,,Exact,,https://inpn.mnhn.fr/espece/cd_nom/248633
Eupithecia nanata,Eupithecia nanata,Eupithecia nanata,Eupithecia,Geometridae,Larentiinae,Species,"(HÜBNER, [1813])",EBMSM0000000012426,EBMSM0000000012426,458658,1,1,397631,Vernay 2,248639,248639,"Eupithecia nanata (Hübner, 1813)","Eupithecia nanata (Hübner, 1813)",species,Geometridae,Lepidoptera,Accepted,,Exact,,https://inpn.mnhn.fr/espece/cd_nom/248639
Eupithecia pulchellata,Eupithecia pulchellata,Eupithecia pulchellata,Eupithecia,Geometridae,Larentiinae,Species,"STEPHENS, 1831",EBMSM0000000012339,EBMSM0000000012339,458571,2,2,397629 | 397630,Maire 1 | Maire 2,248601,248601,"Eupithecia pulchellata Stephens, 1831","Eupithecia pulchellata Stephens, 1831",species,Geometridae,Lepidoptera,Accepted,,Exact,,https://inpn.mnhn.fr/espece/cd_nom/248601
Eupithecia tantillaria,Eupithecia tantillaria,Eupithecia tantillaria,Eupithecia,Geometridae,Larentiinae,Species,"BOISDUVAL, 1840",EBMSM0000000012394,EBMSM0000000012394,458626,9,7,394742 | 396020 | 396584 | 396585 | 397629 | 397630 | 397631,Vernay 1 | Remoray forêt1 vide | Montmain 1 | Montmain 2 | Maire 1 | Maire 2 | Vernay 2,248630,248630,"Eupithecia tantillaria Boisduval, 1840","Eupithecia tantillaria Boisduval, 1840",species,Geometridae,Lepidoptera,Accepted,,Exact,,https://inpn.mnhn.fr/espece/cd_nom/248630
Eupithecia virgaureata,Eupithecia virgaureata,Eupithecia virgaureata,Eupithecia,Geometridae,Larentiinae,Species,"DOUBLEDAY, 1861",EBMSM0000000012392,EBMSM0000000012392,458624,1,1,396712,Piège 2 - aulnaie - marais de Saône,248629,248629,"Eupithecia virgaureata Doubleday, 1861","Eupithecia virgaureata Doubleday, 1861",species,Geometridae,Lepidoptera,Accepted,,Exact,,https://inpn.mnhn.fr/espece/cd_nom/248629
Eupithecia vulgata,Eupithecia vulgata,Eupithecia vulgata,Eupithecia,Geometridae,Larentiinae,Species,"(HAWORTH, [1809])",EBMSM0000000012497,EBMSM0000000012497,458729,2,2,395767 | 395768,ZA 1 Oeufs | ZA 2 vide,248669,248669,"Eupithecia vulgata (Haworth, 1809)","Eupithecia vulgata (Haworth, 1809)",species,Geometridae,Lepidoptera,Accepted,,Exact,,https://inpn.mnhn.fr/espece/cd_nom/248669
Gandaritis pyraliata,Gandaritis pyraliata,Gandaritis pyraliata,Gandaritis,Geometridae,Larentiinae,Species,"([DENIS & SCHIFFERMÜLLER], 1775)",EBMSM0000000012060,EBMSM0000000012060,458292,5,5,395447 | 395885 | 395886 | 396414 | 396416,Sur Mancy (Macornay) | Comolle 1 | Comolle 2 | Varennes 1 | Varennes 2,248573,248573,"Gandaritis pyraliata (Denis & Schiffermüller, 1775)","Gandaritis pyraliata (Denis & Schiffermüller, 1775)",species,Geometridae,Lepidoptera,Accepted,,Exact,,https://inpn.mnhn.fr/espece/cd_nom/248573
Geometra papilionaria,Geometra papilionaria,Geometra papilionaria,Geometra,Geometridae,Geometrinae,Species,"LINNAEUS, 1758",EBMSM0000000011510,EBMSM0000000011510,457742,13,11,395812 | 395813 | 396584 | 396585 | 396712 | 396714 | 396715 | 396795 | 396800 | 397629 | 397630,La Truchère_dunes_boite_oeuf | La Truchère_tourbière | Montmain 1 | Montmain 2 | Piège 2 - aulnaie - marais de Saône | Piège 1 - boisement feuillus jeunes - Sauvagney | Piège 2 - boisement feuillus - Sauvagney | Bure - sans-oeuf | Bure - Oeuf | Maire 1 | Maire 2,248813,248813,"Geometra papilionaria (Linnaeus, 1758)","Geometra papilionaria (Linnaeus, 1758)",species,Geometridae,Lepidoptera,Accepted,,Exact,,https://inpn.mnhn.fr/espece/cd_nom/248813
Gnophos furvata,Gnophos furvata,Gnophos furvata,Gnophos,Geometridae,Ennominae,Species,"([DENIS & SCHIFFERMÜLLER], 1775)",EBMSM0000000011191,EBMSM0000000011191,457423,1,1,399051,Solanetta_rnn_mantet,248966,248966,"Gnophos furvata (Denis & Schiffermüller, 1775)","Gnophos furvata (Denis & Schiffermüller, 1775)",species,Geometridae,Lepidoptera,Accepted,,Exact,,https://inpn.mnhn.fr/espece/cd_nom/248966
Gnophos obfuscata,Gnophos obfuscata,Gnophos obfuscata,Gnophos,Geometridae,Ennominae,Species,"([DENIS & SCHIFFERMÜLLER], 1775)",EBMSM0000000011193,EBMSM0000000011193,457425,4,2,395763 | 399051,Remoray Zh1 ouef | Solanetta_rnn_mantet,248967,248967,"Gnophos obfuscata (Denis & Schiffermüller, 1775)","Gnophos obfuscata (Denis & Schiffermüller, 1775)",species,Geometridae,Lepidoptera,Accepted,,Exact,,https://inpn.mnhn.fr/espece/cd_nom/248967
Gymnoscelis rufifasciata,Gymnoscelis rufifasciata,Gymnoscelis rufifasciata,Gymnoscelis,Geometridae,Larentiinae,Species,"(HAWORTH, [1809])",EBMSM0000000012317,EBMSM0000000012317,458549,3,3,396795 | 397629 | 397631,Bure - sans-oeuf | Maire 1 | Vernay 2,248594,248594,"Gymnoscelis rufifasciata (Haworth, 1809)","Gymnoscelis rufifasciata (Haworth, 1809)",species,Geometridae,Lepidoptera,Accepted,,Exact,,https://inpn.mnhn.fr/espece/cd_nom/248594
Hemithea aestivaria,Hemithea aestivaria,Hemithea aestivaria,Hemithea,Geometridae,Geometrinae,Species,"(HÜBNER, 1789)",EBMSM0000000011522,EBMSM0000000011522,457754,4,4,395812 | 395813 | 396714 | 396715,La Truchère_dunes_boite_oeuf | La Truchère_tourbière | Piège 1 - boisement feuillus jeunes - Sauvagney | Piège 2 - boisement feuillus - Sauvagney,248820,248820,"Hemithea aestivaria (Hübner, 1789)","Hemithea aestivaria (Hübner, 1789)",species,Geometridae,Lepidoptera,Accepted,,Exact,,https://inpn.mnhn.fr/espece/cd_nom/248820
Horisme tersata,Horisme tersata,Horisme tersata,Horisme,Geometridae,Larentiinae,Species,"([DENIS & SCHIFFERMÜLLER], 1775)",EBMSM0000000012193,EBMSM0000000012193,458425,1,1,397624,Mesves_IDB2,248714,248714,"Horisme tersata (Denis & Schiffermüller, 1775)","Horisme tersata (Denis & Schiffermüller, 1775)",species,Geometridae,Lepidoptera,Accepted,,Exact,,https://inpn.mnhn.fr/espece/cd_nom/248714
Horisme vitalbata,Horisme vitalbata,Horisme vitalbata,Horisme,Geometridae,Larentiinae,Species,"([DENIS & SCHIFFERMÜLLER], 1775)",EBMSM0000000012189,EBMSM0000000012189,458421,4,3,395764 | 396795 | 397624,Voutenay_Thalsansoeufs02 | Bure - sans-oeuf | Mesves_IDB2,248712,248712,"Horisme vitalbata (Denis & Schiffermüller, 1775)","Horisme vitalbata (Denis & Schiffermüller, 1775)",species,Geometridae,Lepidoptera,Accepted,,Exact,,https://inpn.mnhn.fr/espece/cd_nom/248712
Hydrelia flammeolaria,Hydrelia flammeolaria,Hydrelia flammeolaria,Hydrelia,Geometridae,Larentiinae,Species,"(HUFNAGEL, 1767)",EBMSM0000000012150,EBMSM0000000012150,458382,3,3,396584 | 397629 | 397630,Montmain 1 | Maire 1 | Maire 2,248519,248519,"Hydrelia flammeolaria (Hufnagel, 1767)","Hydrelia flammeolaria (Hufnagel, 1767)",species,Geometridae,Lepidoptera,Accepted,,Exact,,https://inpn.mnhn.fr/espece/cd_nom/248519
Hydrelia sylvata,Hydrelia sylvata,Hydrelia sylvata,Hydrelia,Geometridae,Larentiinae,Species,"([DENIS & SCHIFFERMÜLLER], 1775)",EBMSM0000000012148,EBMSM0000000012148,458380,1,1,394742,Vernay 1,248518,248518,"Hydrelia sylvata (Denis & Schiffermüller, 1775)","Hydrelia sylvata (Denis & Schiffermüller, 1775)",species,Geometridae,Lepidoptera,Accepted,,Exact,,https://inpn.mnhn.fr/espece/cd_nom/248518
Hydriomena furcata,Hydriomena furcata,Hydriomena furcata,Hydriomena,Geometridae,Larentiinae,Species,"(THUNBERG & BORGSTROEM, 1784)",EBMSM0000000012008,EBMSM0000000012008,458240,8,7,396022 | 396584 | 396585 | 396710 | 396712 | 396800 | 397629,Remoray forêt2 oeufs | Montmain 1 | Montmain 2 | Piège 1 - cariçaie - marais de Saône | Piège 2 - aulnaie - marais de Saône | Bure - Oeuf | Maire 1,248688,248688,"Hydriomena furcata (Thunberg & Borgström, 1784)","Hydriomena furcata (Thunberg & Borgström, 1784)",species,Geometridae,Lepidoptera,Accepted,,Exact,,https://inpn.mnhn.fr/espece/cd_nom/248688
Hydriomena ruberata,Hydriomena ruberata,Hydriomena ruberata,Hydriomena,Geometridae,Larentiinae,Species,"(FREYER, [1831])",EBMSM0000000012013,EBMSM0000000012013,458245,2,2,395763 | 395765,Remoray Zh1 ouef | Remoray ZH2 vide,248690,248690,"Hydriomena ruberata (Freyer, 1831)","Hydriomena ruberata (Freyer, 1831)",species,Geometridae,Lepidoptera,Accepted,,Exact,,https://inpn.mnhn.fr/espece/cd_nom/248690
Hylaea fasciaria,Hylaea fasciaria,Hylaea fasciaria,Hylaea,Geometridae,Ennominae,Species,"(LINNAEUS, 1758)",EBMSM0000000011184,EBMSM0000000011184,457416,11,7,395763 | 395885 | 396022 | 396584 | 396585 | 397629 | 397630,Remoray Zh1 ouef | Comolle 1 | Remoray forêt2 oeufs | Montmain 1 | Montmain 2 | Maire 1 | Maire 2,248916,248916,"Hylaea fasciaria (Linnaeus, 1758)","Hylaea fasciaria (Linnaeus, 1758)",species,Geometridae,Lepidoptera,Accepted,,Exact,,https://inpn.mnhn.fr/espece/cd_nom/248916
Hypomecis punctinalis,Hypomecis punctinalis,Hypomecis punctinalis,Hypomecis,Geometridae,Ennominae,Species,"(SCOPOLI, 1763)",EBMSM0000000011448,EBMSM0000000011448,457680,32,21,394742 | 395725 | 395764 | 395768 | 395812 | 395813 | 395877 | 395878 | 396020 | 396022 | 396414 | 396584 | 396585 | 396712 | 396714 | 396715 | 396800 | 397620 | 397624 | 397630 | 399055,Vernay 1 | Voutenay_ThalOeufs | Voutenay_Thalsansoeufs02 | ZA 2 vide | La Truchère_dunes_boite_oeuf | La Truchère_tourbière | Piège 2 - boisement feuillus - Sauvagney | Piège 1 - boisement feuillus jeunes - Sauvagney | Remoray forêt1 vide | Remoray forêt2 oeufs | Varennes 1 | Montmain 1 | Montmain 2 | Piège 2 - aulnaie - marais de Saône | Piège 1 - boisement feuillus jeunes - Sauvagney | Piège 2 - boisement feuillus - Sauvagney | Bure - Oeuf | Mesves_IDB1 | Mesves_IDB2 | Maire 2 | Sous_col_mantet,248878,248878,"Hypomecis punctinalis (Scopoli, 1763)","Hypomecis punctinalis (Scopoli, 1763)",species,Geometridae,Lepidoptera,Accepted,,Exact,,https://inpn.mnhn.fr/espece/cd_nom/248878
Hypomecis roboraria,Hypomecis roboraria,Hypomecis roboraria,Hypomecis,Geometridae,Ennominae,Species,"([DENIS & SCHIFFERMÜLLER], 1775)",EBMSM0000000011446,EBMSM0000000011446,457678,15,12,394742 | 395812 | 396022 | 396584 | 396712 | 396714 | 396715 | 396795 | 397624 | 397629 | 397630 | 397631,Vernay 1 | La Truchère_dunes_boite_oeuf | Remoray forêt2 oeufs | Montmain 1 | Piège 2 - aulnaie - marais de Saône | Piège 1 - boisement feuillus jeunes - Sauvagney | Piège 2 - boisement feuillus - Sauvagney | Bure - sans-oeuf | Mesves_IDB2 | Maire 1 | Maire 2 | Vernay 2,248877,248877,"Hypomecis roboraria (Denis & Schiffermüller, 1775)","Hypomecis roboraria (Denis & Schiffermüller, 1775)",species,Geometridae,Lepidoptera,Accepted,,Exact,,https://inpn.mnhn.fr/espece/cd_nom/248877
Idaea aversata,Idaea aversata,Idaea aversata,Idaea,Geometridae,Sterrhinae,Species,"(LINNAEUS, 1758)",EBMSM0000000011706,EBMSM0000000011706,457938,23,17,395441 | 395447 | 395764 | 395812 | 395877 | 395878 | 395886 | 396584 | 396585 | 396714 | 396795 | 396800 | 397620 | 397624 | 397629 | 397630 | 397631,côte de Mancy (Lons-le-Saunier) | Sur Mancy (Macornay) | Voutenay_Thalsansoeufs02 | La Truchère_dunes_boite_oeuf | Piège 2 - boisement feuillus - Sauvagney | Piège 1 - boisement feuillus jeunes - Sauvagney | Comolle 2 | Montmain 1 | Montmain 2 | Piège 1 - boisement feuillus jeunes - Sauvagney | Bure - sans-oeuf | Bure - Oeuf | Mesves_IDB1 | Mesves_IDB2 | Maire 1 | Maire 2 | Vernay 2,248477,248477,"Idaea aversata (Linnaeus, 1758)","Idaea aversata (Linnaeus, 1758)",species,Geometridae,Lepidoptera,Accepted,,Exact,,https://inpn.mnhn.fr/espece/cd_nom/248477
Idaea biselata,Idaea biselata,Idaea biselata,Idaea,Geometridae,Sterrhinae,Species,"(HUFNAGEL, 1767)",EBMSM0000000011676,EBMSM0000000011676,457908,13,13,395441 | 395764 | 395812 | 395813 | 395878 | 396022 | 396712 | 396714 | 396715 | 396795 | 396800 | 397629 | 397630,côte de Mancy (Lons-le-Saunier) | Voutenay_Thalsansoeufs02 | La Truchère_dunes_boite_oeuf | La Truchère_tourbière | Piège 1 - boisement feuillus jeunes - Sauvagney | Remoray forêt2 oeufs | Piège 2 - aulnaie - marais de Saône | Piège 1 - boisement feuillus jeunes - Sauvagney | Piège 2 - boisement feuillus - Sauvagney | Bure - sans-oeuf | Bure - Oeuf | Maire 1 | Maire 2,248467,248467,"Idaea biselata (Hufnagel, 1767)","Idaea biselata (Hufnagel, 1767)",species,Geometridae,Lepidoptera,Accepted,,Exact,,https://inpn.mnhn.fr/espece/cd_nom/248467
Idaea degeneraria,Idaea degeneraria,Idaea degeneraria,Idaea,Geometridae,Sterrhinae,Species,"(HÜBNER, [1799])",EBMSM0000000011709,EBMSM0000000011709,457941,7,6,395441 | 395764 | 396416 | 396715 | 396795 | 397624,côte de Mancy (Lons-le-Saunier) | Voutenay_Thalsansoeufs02 | Varennes 2 | Piège 2 - boisement feuillus - Sauvagney | Bure - sans-oeuf | Mesves_IDB2,248479,248479,"Idaea degeneraria (Hübner, 1799)","Idaea degeneraria (Hübner, 1799)",species,Geometridae,Lepidoptera,Accepted,,Exact,,https://inpn.mnhn.fr/espece/cd_nom/248479
Idaea deversaria,Idaea deversaria,Idaea deversaria,Idaea,Geometridae,Sterrhinae,Species,"(HERRICH-SCHÄFFER, 1847)",EBMSM0000000011713,EBMSM0000000011713,457945,1,1,395885,Comolle 1,248481,248481,"Idaea deversaria (Herrich-Schäffer, 1847)","Idaea deversaria (Herrich-Schäffer, 1847)",species,Geometridae,Lepidoptera,Accepted,,Exact,,https://inpn.mnhn.fr/espece/cd_nom/248481
Idaea dimidiata,Idaea dimidiata,Idaea dimidiata,Idaea,Geometridae,Sterrhinae,Species,"(HUFNAGEL, 1767)",EBMSM0000000011671,EBMSM0000000011671,457903,10,8,396414 | 396584 | 396710 | 396712 | 396714 | 396715 | 396800 | 397624,Varennes 1 | Montmain 1 | Piège 1 - cariçaie - marais de Saône | Piège 2 - aulnaie - marais de Saône | Piège 1 - boisement feuillus jeunes - Sauvagney | Piège 2 - boisement feuillus - Sauvagney | Bure - Oeuf | Mesves_IDB2,248464,248464,"Idaea dimidiata (Hufnagel, 1767)","Idaea dimidiata (Hufnagel, 1767)",species,Geometridae,Lepidoptera,Accepted,,Exact,,https://inpn.mnhn.fr/espece/cd_nom/248464
Idaea fuscovenosa,Idaea fuscovenosa,Idaea fuscovenosa,Idaea,Geometridae,Sterrhinae,Species,"(GOEZE, 1781)",EBMSM0000000011636,EBMSM0000000011636,457868,3,2,397620 | 397624,Mesves_IDB1 | Mesves_IDB2,248450,248450,"Idaea fuscovenosa (Goeze, 1781)","Idaea fuscovenosa (Goeze, 1781)",species,Geometridae,Lepidoptera,Accepted,,Exact,,https://inpn.mnhn.fr/espece/cd_nom/248450
Idaea humiliata,Idaea humiliata,Idaea humiliata,Idaea,Geometridae,Sterrhinae,Species,"(HUFNAGEL, 1767)",EBMSM0000000011640,EBMSM0000000011640,457872,3,3,395441 | 395725 | 395885,côte de Mancy (Lons-le-Saunier) | Voutenay_ThalOeufs | Comolle 1,248451,248451,"Idaea humiliata (Hufnagel, 1767)","Idaea humiliata (Hufnagel, 1767)",species,Geometridae,Lepidoptera,Accepted,,Exact,,https://inpn.mnhn.fr/espece/cd_nom/248451
Idaea moniliata,Idaea moniliata,Idaea moniliata,Idaea,Geometridae,Sterrhinae,Species,"([DENIS & SCHIFFERMÜLLER], 1775)",EBMSM0000000011611,EBMSM0000000011611,457843,1,1,395886,Comolle 2,248441,248441,"Idaea moniliata (Denis & Schiffermüller, 1775)","Idaea moniliata (Denis & Schiffermüller, 1775)",species,Geometridae,Lepidoptera,Accepted,,Exact,,https://inpn.mnhn.fr/espece/cd_nom/248441
Idaea muricata,Idaea muricata,Idaea muricata,Idaea,Geometridae,Sterrhinae,Species,"(HUFNAGEL, 1767)",EBMSM0000000011564,EBMSM0000000011564,457796,2,2,396712 | 396800,Piège 2 - aulnaie - marais de Saône | Bure - Oeuf,248420,248420,"Idaea muricata (Hufnagel, 1767)","Idaea muricata (Hufnagel, 1767)",species,Geometridae,Lepidoptera,Accepted,,Exact,,https://inpn.mnhn.fr/espece/cd_nom/248420
Idaea seriata,Idaea seriata,Idaea seriata,Idaea,Geometridae,Sterrhinae,Species,"(SCHRANK, 1802)",EBMSM0000000011656,EBMSM0000000011656,457888,2,1,395764,Voutenay_Thalsansoeufs02,248458,248458,"Idaea seriata (Schrank, 1802)","Idaea seriata (Schrank, 1802)",species,Geometridae,Lepidoptera,Accepted,,Exact,,https://inpn.mnhn.fr/espece/cd_nom/248458
Idaea straminata,Idaea straminata,Idaea straminata,Idaea,Geometridae,Sterrhinae,Species,"(BORKHAUSEN, 1794)",EBMSM0000000011711,EBMSM0000000011711,457943,3,3,395441 | 395764 | 397624,côte de Mancy (Lons-le-Saunier) | Voutenay_Thalsansoeufs02 | Mesves_IDB2,248480,248480,"Idaea straminata (Borkhausen, 1794)","Idaea straminata (Borkhausen, 1794)",species,Geometridae,Lepidoptera,Accepted,,Exact,,https://inpn.mnhn.fr/espece/cd_nom/248480
Idaea subsericeata,Idaea subsericeata,Idaea subsericeata,Idaea,Geometridae,Sterrhinae,Species,"(HAWORTH, [1809])",EBMSM0000000011664,EBMSM0000000011664,457896,9,7,394742 | 395441 | 395885 | 396416 | 396800 | 397624 | 397629,Vernay 1 | côte de Mancy (Lons-le-Saunier) | Comolle 1 | Varennes 2 | Bure - Oeuf | Mesves_IDB2 | Maire 1,248460,248460,"Idaea subsericeata (Haworth, 1809)","Idaea subsericeata (Haworth, 1809)",species,Geometridae,Lepidoptera,Accepted,,Exact,,https://inpn.mnhn.fr/espece/cd_nom/248460
Idaea trigeminata,Idaea trigeminata,Idaea trigeminata,Idaea,Geometridae,Sterrhinae,Species,"(HAWORTH, [1809])",EBMSM0000000011674,EBMSM0000000011674,457906,3,3,396416 | 396584 | 396800,Varennes 2 | Montmain 1 | Bure - Oeuf,248466,248466,"Idaea trigeminata (Haworth, 1809)","Idaea trigeminata (Haworth, 1809)",species,Geometridae,Lepidoptera,Accepted,,Exact,,https://inpn.mnhn.fr/espece/cd_nom/248466
Jodis lactearia,Jodis lactearia,Jodis lactearia,Jodis,Geometridae,Geometrinae,Species,"(LINNAEUS, 1758)",EBMSM0000000011547,EBMSM0000000011547,457779,2,2,394742 | 396714,Vernay 1 | Piège 1 - boisement feuillus jeunes - Sauvagney,248821,248821,"Jodis lactearia (Linnaeus, 1758)","Jodis lactearia (Linnaeus, 1758)",species,Geometridae,Lepidoptera,Accepted,,Exact,,https://inpn.mnhn.fr/espece/cd_nom/248821
Lampropteryx suffumata,Lampropteryx suffumata,Lampropteryx suffumata,Lampropteryx,Geometridae,Larentiinae,Species,"([DENIS & SCHIFFERMÜLLER], 1775)",EBMSM0000000012122,EBMSM0000000012122,458354,2,2,396020 | 399055,Remoray forêt1 vide | Sous_col_mantet,248585,248585,"Lampropteryx suffumata (Denis & Schiffermüller, 1775)","Lampropteryx suffumata (Denis & Schiffermüller, 1775)",species,Geometridae,Lepidoptera,Accepted,,Exact,,https://inpn.mnhn.fr/espece/cd_nom/248585
Ligdia adustata,Ligdia adustata,Ligdia adustata,Ligdia,Geometridae,Ennominae,Species,"([DENIS & SCHIFFERMÜLLER], 1775)",EBMSM0000000011005,EBMSM0000000011005,457237,17,14,395812 | 395878 | 395885 | 395886 | 396414 | 396416 | 396584 | 396585 | 396712 | 396714 | 396715 | 396795 | 396800 | 397624,La Truchère_dunes_boite_oeuf | Piège 1 - boisement feuillus jeunes - Sauvagney | Comolle 1 | Comolle 2 | Varennes 1 | Varennes 2 | Montmain 1 | Montmain 2 | Piège 2 - aulnaie - marais de Saône | Piège 1 - boisement feuillus jeunes - Sauvagney | Piège 2 - boisement feuillus - Sauvagney | Bure - sans-oeuf | Bure - Oeuf | Mesves_IDB2,248829,248829,"Ligdia adustata (Denis & Schiffermüller, 1775)","Ligdia adustata (Denis & Schiffermüller, 1775)",species,Geometridae,Lepidoptera,Accepted,,Exact,,https://inpn.mnhn.fr/espece/cd_nom/248829
Lomaspilis marginata,Lomaspilis marginata,Lomaspilis marginata,Lomaspilis,Geometridae,Ennominae,Species,"(LINNAEUS, 1758)",EBMSM0000000011007,EBMSM0000000011007,457239,34,20,394742 | 395755 | 395767 | 395768 | 395812 | 395813 | 395878 | 396020 | 396022 | 396414 | 396584 | 396585 | 396710 | 396712 | 396714 | 396800 | 397620 | 397624 | 397630 | 397631,Vernay 1 | Piège 2 - aulnaie - marais de Saône | ZA 1 Oeufs | ZA 2 vide | La Truchère_dunes_boite_oeuf | La Truchère_tourbière | Piège 1 - boisement feuillus jeunes - Sauvagney | Remoray forêt1 vide | Remoray forêt2 oeufs | Varennes 1 | Montmain 1 | Montmain 2 | Piège 1 - cariçaie - marais de Saône | Piège 2 - aulnaie - marais de Saône | Piège 1 - boisement feuillus jeunes - Sauvagney | Bure - Oeuf | Mesves_IDB1 | Mesves_IDB2 | Maire 2 | Vernay 2,248922,248922,"Lomaspilis marginata (Linnaeus, 1758)","Lomaspilis marginata (Linnaeus, 1758)",species,Geometridae,Lepidoptera,Accepted,,Exact,,https://inpn.mnhn.fr/espece/cd_nom/248922
Lomographa temerata,Lomographa temerata,Lomographa temerata,Lomographa,Geometridae,Ennominae,Species,"([DENIS & SCHIFFERMÜLLER], 1775)",EBMSM0000000011168,EBMSM0000000011168,457400,1,1,395447,Sur Mancy (Macornay),248845,248845,"Lomographa temerata (Denis & Schiffermüller, 1775)","Lomographa temerata (Denis & Schiffermüller, 1775)",species,Geometridae,Lepidoptera,Accepted,,Exact,,https://inpn.mnhn.fr/espece/cd_nom/248845
Lycia hirtaria,Lycia hirtaria,Lycia hirtaria,Lycia,Geometridae,Ennominae,Species,"(CLERCK, 1759)",EBMSM0000000011319,EBMSM0000000011319,457551,4,4,395755 | 395767 | 395768 | 396022,Piège 2 - aulnaie - marais de Saône | ZA 1 Oeufs | ZA 2 vide | Remoray forêt2 oeufs,248854,248854,"Lycia hirtaria (Clerck, 1759)","Lycia hirtaria (Clerck, 1759)",species,Geometridae,Lepidoptera,Accepted,,Exact,,https://inpn.mnhn.fr/espece/cd_nom/248854
Lycia zonaria,Lycia zonaria,Lycia zonaria,Lycia,Geometridae,Ennominae,Species,"([DENIS & SCHIFFERMÜLLER], 1775)",EBMSM0000000011328,EBMSM0000000011328,457560,2,2,395725 | 395764,Voutenay_ThalOeufs | Voutenay_Thalsansoeufs02,248857,248857,"Lycia zonaria (Denis & Schiffermüller, 1775)","Lycia zonaria (Denis & Schiffermüller, 1775)",species,Geometridae,Lepidoptera,Accepted,,Exact,,https://inpn.mnhn.fr/espece/cd_nom/248857
Lythria cruentaria,Lythria cruentaria,Lythria cruentaria,Lythria,Geometridae,Sterrhinae,Species,"(HUFNAGEL, 1767)",EBMSM0000000011851,EBMSM0000000011851,458083,1,1,396416,Varennes 2,248707,248707,"Lythria cruentaria (Hufnagel, 1767)","Lythria cruentaria (Hufnagel, 1767)",species,Geometridae,Lepidoptera,Accepted,,Exact,,https://inpn.mnhn.fr/espece/cd_nom/248707
Lythria purpuraria,Lythria purpuraria,Lythria purpuraria,Lythria,Geometridae,Sterrhinae,Species,"(LINNAEUS, 1758)",EBMSM0000000011849,EBMSM0000000011849,458081,2,2,396414 | 396416,Varennes 1 | Varennes 2,248706,248706,"Lythria purpuraria (Linnaeus, 1758)","Lythria purpuraria (Linnaeus, 1758)",species,Geometridae,Lepidoptera,Accepted,,Exact,,https://inpn.mnhn.fr/espece/cd_nom/248706
Macaria alternata,Macaria alternata,Macaria alternata,Macaria,Geometridae,Ennominae,Species,"([DENIS & SCHIFFERMÜLLER], 1775)",EBMSM0000000011052,EBMSM0000000011052,457284,16,10,395763 | 395812 | 395813 | 395877 | 395878 | 396584 | 396585 | 396710 | 396712 | 396715,Remoray Zh1 ouef | La Truchère_dunes_boite_oeuf | La Truchère_tourbière | Piège 2 - boisement feuillus - Sauvagney | Piège 1 - boisement feuillus jeunes - Sauvagney | Montmain 1 | Montmain 2 | Piège 1 - cariçaie - marais de Saône | Piège 2 - aulnaie - marais de Saône | Piège 2 - boisement feuillus - Sauvagney,248998,248998,"Macaria alternata (Denis & Schiffermüller, 1775)","Macaria alternata (Denis & Schiffermüller, 1775)",species,Geometridae,Lepidoptera,Accepted,,Exact,,https://inpn.mnhn.fr/espece/cd_nom/248998
Macaria liturata,Macaria liturata,Macaria liturata,Macaria,Geometridae,Ennominae,Species,"(CLERCK, 1759)",EBMSM0000000011056,EBMSM0000000011056,457288,18,11,395447 | 396020 | 396584 | 396585 | 396714 | 396715 | 396800 | 397629 | 397630 | 397631 | 399055,Sur Mancy (Macornay) | Remoray forêt1 vide | Montmain 1 | Montmain 2 | Piège 1 - boisement feuillus jeunes - Sauvagney | Piège 2 - boisement feuillus - Sauvagney | Bure - Oeuf | Maire 1 | Maire 2 | Vernay 2 | Sous_col_mantet,249000,249000,"Macaria liturata (Clerck, 1759)","Macaria liturata (Clerck, 1759)",species,Geometridae,Lepidoptera,Accepted,,Exact,,https://inpn.mnhn.fr/espece/cd_nom/249000
Macaria notata,Macaria notata,Macaria notata,Macaria,Geometridae,Ennominae,Species,"(LINNAEUS, 1758)",EBMSM0000000011050,EBMSM0000000011050,457282,5,2,396584 | 396585,Montmain 1 | Montmain 2,248997,248997,"Macaria notata (Linnaeus, 1758)","Macaria notata (Linnaeus, 1758)",species,Geometridae,Lepidoptera,Accepted,,Exact,,https://inpn.mnhn.fr/espece/cd_nom/248997
Macaria wauaria,Macaria wauaria,Macaria wauaria,Macaria,Geometridae,Ennominae,Species,"(LINNAEUS, 1758)",EBMSM0000000011058,EBMSM0000000011058,457290,6,6,395441 | 395767 | 395886 | 396712 | 396795 | 396800,côte de Mancy (Lons-le-Saunier) | ZA 1 Oeufs | Comolle 2 | Piège 2 - aulnaie - marais de Saône | Bure - sans-oeuf | Bure - Oeuf,249001,249001,"Macaria wauaria (Linnaeus, 1758)","Macaria wauaria (Linnaeus, 1758)",species,Geometridae,Lepidoptera,Accepted,,Exact,,https://inpn.mnhn.fr/espece/cd_nom/249001
Menophra japygiaria,Menophra japygiaria,Menophra japygiaria,Menophra,Geometridae,Ennominae,Species,"(O. COSTA, 1849)",EBMSM0000000011385,EBMSM0000000011385,457617,1,1,395764,Voutenay_Thalsansoeufs02,248902,248902,"Menophra japygiaria (O. Costa, 1849)","Menophra japygiaria (O. Costa, 1849)",species,Geometridae,Lepidoptera,Accepted,,Exact,,https://inpn.mnhn.fr/espece/cd_nom/248902
Mesoleuca albicillata,Mesoleuca albicillata,Mesoleuca albicillata,Mesoleuca,Geometridae,Larentiinae,Species,"(LINNAEUS, 1758)",EBMSM0000000011981,EBMSM0000000011981,458213,4,4,396585 | 396712 | 396795 | 397629,Montmain 2 | Piège 2 - aulnaie - marais de Saône | Bure - sans-oeuf | Maire 1,248693,248693,"Mesoleuca albicillata (Linnaeus, 1758)","Mesoleuca albicillata (Linnaeus, 1758)",species,Geometridae,Lepidoptera,Accepted,,Exact,,https://inpn.mnhn.fr/espece/cd_nom/248693
Nebula ibericata,Nebula ibericata,Nebula ibericata,Nebula,Geometridae,Larentiinae,Species,"(STAUDINGER, 1871)",EBMSM0000000012121,EBMSM0000000012121,458353,1,1,399051,Solanetta_rnn_mantet,248583,248583,"Nebula ibericata (Staudinger, 1871)","Nebula ibericata (Staudinger, 1871)",species,Geometridae,Lepidoptera,Accepted,,Exact,,https://inpn.mnhn.fr/espece/cd_nom/248583
Odontopera bidentata,Odontopera bidentata,Odontopera bidentata,Odontopera,Geometridae,Ennominae,Species,"(CLERCK, 1759)",EBMSM0000000011137,EBMSM0000000011137,457369,10,9,395725 | 395764 | 396020 | 396022 | 396584 | 396585 | 397629 | 397630 | 399055,Voutenay_ThalOeufs | Voutenay_Thalsansoeufs02 | Remoray forêt1 vide | Remoray forêt2 oeufs | Montmain 1 | Montmain 2 | Maire 1 | Maire 2 | Sous_col_mantet,248972,248972,"Odontopera bidentata (Clerck, 1759)","Odontopera bidentata (Clerck, 1759)",species,Geometridae,Lepidoptera,Accepted,,Exact,,https://inpn.mnhn.fr/espece/cd_nom/248972
Operophtera brumata,Operophtera brumata,Operophtera brumata,Operophtera,Geometridae,Larentiinae,Species,"(LINNAEUS, 1758)",EBMSM0000000012129,EBMSM0000000012129,458361,1,1,399051,Solanetta_rnn_mantet,248722,248722,"Operophtera brumata (Linnaeus, 1758)","Operophtera brumata (Linnaeus, 1758)",species,Geometridae,Lepidoptera,Accepted,,Exact,,https://inpn.mnhn.fr/espece/cd_nom/248722
Opisthograptis luteolata,Opisthograptis luteolata,Opisthograptis luteolata,Opisthograptis,Geometridae,Ennominae,Species,"(LINNAEUS, 1758)",EBMSM0000000011109,EBMSM0000000011109,457341,8,8,396416 | 396584 | 396585 | 396714 | 396715 | 396800 | 397624 | 397629,Varennes 2 | Montmain 1 | Montmain 2 | Piège 1 - boisement feuillus jeunes - Sauvagney | Piège 2 - boisement feuillus - Sauvagney | Bure - Oeuf | Mesves_IDB2 | Maire 1,248938,248938,"Opisthograptis luteolata (Linnaeus, 1758)","Opisthograptis luteolata (Linnaeus, 1758)",species,Geometridae,Lepidoptera,Accepted,,Exact,,https://inpn.mnhn.fr/espece/cd_nom/248938
Ourapteryx sambucaria,Ourapteryx sambucaria,Ourapteryx sambucaria,Ourapteryx,Geometridae,Ennominae,Species,"(LINNAEUS, 1758)",EBMSM0000000011152,EBMSM0000000011152,457384,2,2,396584 | 396800,Montmain 1 | Bure - Oeuf,249007,249007,"Ourapteryx sambucaria (Linnaeus, 1758)","Ourapteryx sambucaria (Linnaeus, 1758)",species,Geometridae,Lepidoptera,Accepted,,Exact,,https://inpn.mnhn.fr/espece/cd_nom/249007
Pachycnemia hippocastanaria,Pachycnemia hippocastanaria,Pachycnemia hippocastanaria,Pachycnemia,Geometridae,Ennominae,Species,"(HÜBNER, [1799])",EBMSM0000000011085,EBMSM0000000011085,457317,4,2,394742 | 397631,Vernay 1 | Vernay 2,248973,248973,"Pachycnemia hippocastanaria (Hübner, 1799)","Pachycnemia hippocastanaria (Hübner, 1799)",species,Geometridae,Lepidoptera,Accepted,,Exact,,https://inpn.mnhn.fr/espece/cd_nom/248973
Paradarisa consonaria,Paradarisa consonaria,Paradarisa consonaria,Paradarisa,Geometridae,Ennominae,Species,"(HÜBNER, [1799])",EBMSM0000000011464,EBMSM0000000011464,457696,5,5,395878 | 396022 | 396585 | 396800 | 397631,Piège 1 - boisement feuillus jeunes - Sauvagney | Remoray forêt2 oeufs | Montmain 2 | Bure - Oeuf | Vernay 2,248870,248870,"Paradarisa consonaria (Hübner, 1799)","Paradarisa consonaria (Hübner, 1799)",species,Geometridae,Lepidoptera,Accepted,,Exact,,https://inpn.mnhn.fr/espece/cd_nom/248870
Parectropis similaria,Parectropis similaria,Parectropis similaria,Parectropis,Geometridae,Ennominae,Species,"(HUFNAGEL, 1767)",EBMSM0000000011466,EBMSM0000000011466,457698,1,1,396585,Montmain 2,248869,248869,"Parectropis similaria (Hufnagel, 1767)","Parectropis similaria (Hufnagel, 1767)",species,Geometridae,Lepidoptera,Accepted,,Exact,,https://inpn.mnhn.fr/espece/cd_nom/248869
Pasiphila rectangulata,Pasiphila rectangulata,Pasiphila rectangulata,Pasiphila,Geometridae,Larentiinae,Species,"(LINNAEUS, 1758)",EBMSM0000000012321,EBMSM0000000012321,458553,2,2,395441 | 396416,côte de Mancy (Lons-le-Saunier) | Varennes 2,248591,248591,"Pasiphila rectangulata (Linnaeus, 1758)","Pasiphila rectangulata (Linnaeus, 1758)",species,Geometridae,Lepidoptera,Accepted,,Exact,,https://inpn.mnhn.fr/espece/cd_nom/248591
Perconia strigillaria,Perconia strigillaria,Perconia strigillaria,Perconia,Geometridae,Ennominae,Species,"(HÜBNER, 1787)",EBMSM0000000011302,EBMSM0000000011302,457534,3,3,395764 | 395885 | 397620,Voutenay_Thalsansoeufs02 | Comolle 1 | Mesves_IDB1,248834,248834,"Perconia strigillaria (Hübner, 1787)","Perconia strigillaria (Hübner, 1787)",species,Geometridae,Lepidoptera,Accepted,,Exact,,https://inpn.mnhn.fr/espece/cd_nom/248834
Peribatodes rhomboidaria,Peribatodes rhomboidaria,Peribatodes rhomboidaria,Peribatodes,Geometridae,Ennominae,Species,"([DENIS & SCHIFFERMÜLLER], 1775)",EBMSM0000000011411,EBMSM0000000011411,457643,44,23,394742 | 395441 | 395447 | 395764 | 395768 | 395812 | 395813 | 395877 | 395886 | 396414 | 396416 | 396584 | 396585 | 396714 | 396715 | 396795 | 396800 | 397620 | 397624 | 397629 | 397630 | 397631 | 399051,Vernay 1 | côte de Mancy (Lons-le-Saunier) | Sur Mancy (Macornay) | Voutenay_Thalsansoeufs02 | ZA 2 vide | La Truchère_dunes_boite_oeuf | La Truchère_tourbière | Piège 2 - boisement feuillus - Sauvagney | Comolle 2 | Varennes 1 | Varennes 2 | Montmain 1 | Montmain 2 | Piège 1 - boisement feuillus jeunes - Sauvagney | Piège 2 - boisement feuillus - Sauvagney | Bure - sans-oeuf | Bure - Oeuf | Mesves_IDB1 | Mesves_IDB2 | Maire 1 | Maire 2 | Vernay 2 | Solanetta_rnn_mantet,248887,248887,"Peribatodes rhomboidaria (Denis & Schiffermüller, 1775)","Peribatodes rhomboidaria (Denis & Schiffermüller, 1775)",species,Geometridae,Lepidoptera,Accepted,,Exact,,https://inpn.mnhn.fr/espece/cd_nom/248887
Peribatodes secundaria,Peribatodes secundaria,Peribatodes secundaria,Peribatodes,Geometridae,Ennominae,Species,"([DENIS & SCHIFFERMÜLLER], 1775)",EBMSM0000000011419,EBMSM0000000011419,457651,5,3,396584 | 397629 | 397630,Montmain 1 | Maire 1 | Maire 2,248893,248893,"Peribatodes secundaria (Denis & Schiffermüller, 1775)","Peribatodes secundaria (Denis & Schiffermüller, 1775)",species,Geometridae,Lepidoptera,Accepted,,Exact,,https://inpn.mnhn.fr/espece/cd_nom/248893
Perigune convergata,Perigune convergata,Perigune convergata,Perigune,Geometridae,Ennominae,Species,"(DE VILLERS, 1789)",EBMSM0000000011083,EBMSM0000000011083,457315,1,1,395764,Voutenay_Thalsansoeufs02,826532,826532,"Perigune convergata (Villers, 1789)","Perigune convergata (Villers, 1789)",species,Geometridae,Lepidoptera,Accepted,,Exact,,https://inpn.mnhn.fr/espece/cd_nom/826532
Perigune narbonea,Perigune narbonea,Perigune narbonea,Perigune,Geometridae,Ennominae,Species,"(LINNAEUS, 1767)",EBMSM0000000011084,EBMSM0000000011084,457316,1,1,395764,Voutenay_Thalsansoeufs02,826521,826521,"Perigune narbonea (Linnaeus, 1767)","Perigune narbonea (Linnaeus, 1767)",species,Geometridae,Lepidoptera,Accepted,,Exact,,https://inpn.mnhn.fr/espece/cd_nom/826521
Perizoma affinitata,Perizoma affinitata,Perizoma affinitata,Perizoma,Geometridae,Larentiinae,Species,"(STEPHENS, 1831)",EBMSM0000000012287,EBMSM0000000012287,458519,2,2,396020 | 396022,Remoray forêt1 vide | Remoray forêt2 oeufs,248731,248731,"Perizoma affinitata (Stephens, 1831)","Perizoma affinitata (Stephens, 1831)",species,Geometridae,Lepidoptera,Accepted,,Exact,,https://inpn.mnhn.fr/espece/cd_nom/248731
Perizoma alchemillata,Perizoma alchemillata,Perizoma alchemillata,Perizoma,Geometridae,Larentiinae,Species,"(LINNAEUS, 1758)",EBMSM0000000012289,EBMSM0000000012289,458521,3,3,396020 | 397629 | 397630,Remoray forêt1 vide | Maire 1 | Maire 2,248732,248732,"Perizoma alchemillata (Linnaeus, 1758)","Perizoma alchemillata (Linnaeus, 1758)",species,Geometridae,Lepidoptera,Accepted,,Exact,,https://inpn.mnhn.fr/espece/cd_nom/248732
Perizoma blandiata,Perizoma blandiata,Perizoma blandiata,Perizoma,Geometridae,Larentiinae,Species,"([DENIS & SCHIFFERMÜLLER], 1775)",EBMSM0000000012300,EBMSM0000000012300,458532,1,1,399051,Solanetta_rnn_mantet,248737,248737,"Perizoma blandiata (Denis & Schiffermüller, 1775)","Perizoma blandiata (Denis & Schiffermüller, 1775)",species,Geometridae,Lepidoptera,Accepted,,Exact,,https://inpn.mnhn.fr/espece/cd_nom/248737
Petrophora chlorosata,Petrophora chlorosata,Petrophora chlorosata,Petrophora,Geometridae,Ennominae,Species,"(SCOPOLI, 1763)",EBMSM0000000011080,EBMSM0000000011080,457312,8,5,395764 | 395878 | 395886 | 397629 | 397630,Voutenay_Thalsansoeufs02 | Piège 1 - boisement feuillus jeunes - Sauvagney | Comolle 2 | Maire 1 | Maire 2,248979,248979,"Petrophora chlorosata (Scopoli, 1763)","Petrophora chlorosata (Scopoli, 1763)",species,Geometridae,Lepidoptera,Accepted,,Exact,,https://inpn.mnhn.fr/espece/cd_nom/248979
Philereme transversata,Philereme transversata,Philereme transversata,Philereme,Geometridae,Larentiinae,Species,"(HUFNAGEL, 1767)",EBMSM0000000012158,EBMSM0000000012158,458390,3,3,395441 | 397620 | 397624,côte de Mancy (Lons-le-Saunier) | Mesves_IDB1 | Mesves_IDB2,248743,248743,"Philereme transversata (Hufnagel, 1767)","Philereme transversata (Hufnagel, 1767)",species,Geometridae,Lepidoptera,Accepted,,Exact,,https://inpn.mnhn.fr/espece/cd_nom/248743
Philereme vetulata,Philereme vetulata,Philereme vetulata,Philereme,Geometridae,Larentiinae,Species,"([DENIS & SCHIFFERMÜLLER], 1775)",EBMSM0000000012156,EBMSM0000000012156,458388,4,4,395447 | 396414 | 396416 | 396712,Sur Mancy (Macornay) | Varennes 1 | Varennes 2 | Piège 2 - aulnaie - marais de Saône,248742,248742,"Philereme vetulata (Denis & Schiffermüller, 1775)","Philereme vetulata (Denis & Schiffermüller, 1775)",species,Geometridae,Lepidoptera,Accepted,,Exact,,https://inpn.mnhn.fr/espece/cd_nom/248742
Plagodis dolabraria,Plagodis dolabraria,Plagodis dolabraria,Plagodis,Geometridae,Ennominae,Species,"(LINNAEUS, 1767)",EBMSM0000000011093,EBMSM0000000011093,457325,5,3,395813 | 396584 | 396585,La Truchère_tourbière | Montmain 1 | Montmain 2,248977,248977,"Plagodis dolabraria (Linnaeus, 1767)","Plagodis dolabraria (Linnaeus, 1767)",species,Geometridae,Lepidoptera,Accepted,,Exact,,https://inpn.mnhn.fr/espece/cd_nom/248977
Plagodis pulveraria,Plagodis pulveraria,Plagodis pulveraria,Plagodis,Geometridae,Ennominae,Species,"(LINNAEUS, 1758)",EBMSM0000000011091,EBMSM0000000011091,457323,8,6,395812 | 395877 | 395878 | 396584 | 396714 | 396715,La Truchère_dunes_boite_oeuf | Piège 2 - boisement feuillus - Sauvagney | Piège 1 - boisement feuillus jeunes - Sauvagney | Montmain 1 | Piège 1 - boisement feuillus jeunes - Sauvagney | Piège 2 - boisement feuillus - Sauvagney,248976,248976,"Plagodis pulveraria (Linnaeus, 1758)","Plagodis pulveraria (Linnaeus, 1758)",species,Geometridae,Lepidoptera,Accepted,,Exact,,https://inpn.mnhn.fr/espece/cd_nom/248976
Plemyria rubiginata,Plemyria rubiginata,Plemyria rubiginata,Plemyria,Geometridae,Larentiinae,Species,"([DENIS & SCHIFFERMÜLLER], 1775)",EBMSM0000000012038,EBMSM0000000012038,458270,1,1,396800,Bure - Oeuf,248565,248565,"Plemyria rubiginata (Denis & Schiffermüller, 1775)","Plemyria rubiginata (Denis & Schiffermüller, 1775)",species,Geometridae,Lepidoptera,Accepted,,Exact,,https://inpn.mnhn.fr/espece/cd_nom/248565
Pseudoterpna pruinata,Pseudoterpna pruinata,Pseudoterpna pruinata,Pseudoterpna,Geometridae,Geometrinae,Species,"(HUFNAGEL, 1767)",EBMSM0000000011504,EBMSM0000000011504,457736,16,10,394742 | 395441 | 395447 | 395812 | 395885 | 396414 | 396416 | 397620 | 397630 | 397631,Vernay 1 | côte de Mancy (Lons-le-Saunier) | Sur Mancy (Macornay) | La Truchère_dunes_boite_oeuf | Comolle 1 | Varennes 1 | Varennes 2 | Mesves_IDB1 | Maire 2 | Vernay 2,248824,248824,"Pseudoterpna pruinata (Hufnagel, 1767)","Pseudoterpna pruinata (Hufnagel, 1767)",species,Geometridae,Lepidoptera,Accepted,,Exact,,https://inpn.mnhn.fr/espece/cd_nom/248824
Rhodometra sacraria,Rhodometra sacraria,Rhodometra sacraria,Rhodometra,Geometridae,Sterrhinae,Species,"(LINNAEUS, 1767)",EBMSM0000000011842,EBMSM0000000011842,458074,3,2,395764 | 395768,Voutenay_Thalsansoeufs02 | ZA 2 vide,248484,248484,"Rhodometra sacraria (Linnaeus, 1767)","Rhodometra sacraria (Linnaeus, 1767)",species,Geometridae,Lepidoptera,Accepted,,Exact,,https://inpn.mnhn.fr/espece/cd_nom/248484
Rhodostrophia vibicaria,Rhodostrophia vibicaria,Rhodostrophia vibicaria,Rhodostrophia,Geometridae,Sterrhinae,Species,"(CLERCK, 1759)",EBMSM0000000011800,EBMSM0000000011800,458032,3,3,395441 | 395764 | 399051,côte de Mancy (Lons-le-Saunier) | Voutenay_Thalsansoeufs02 | Solanetta_rnn_mantet,248485,248485,"Rhodostrophia vibicaria (Clerck, 1759)","Rhodostrophia vibicaria (Clerck, 1759)",species,Geometridae,Lepidoptera,Accepted,,Exact,,https://inpn.mnhn.fr/espece/cd_nom/248485
Scopula floslactata,Scopula floslactata,Scopula floslactata,Scopula,Geometridae,Sterrhinae,Species,"(HAWORTH, [1809])",EBMSM0000000011772,EBMSM0000000011772,458004,1,1,395764,Voutenay_Thalsansoeufs02,248511,248511,"Scopula floslactata (Haworth, 1809)","Scopula floslactata (Haworth, 1809)",species,Geometridae,Lepidoptera,Accepted,,Exact,,https://inpn.mnhn.fr/espece/cd_nom/248511
Scopula immorata,Scopula immorata,Scopula immorata,Scopula,Geometridae,Sterrhinae,Species,"(LINNAEUS, 1758)",EBMSM0000000011724,EBMSM0000000011724,457956,1,1,399051,Solanetta_rnn_mantet,248491,248491,"Scopula immorata (Linnaeus, 1758)","Scopula immorata (Linnaeus, 1758)",species,Geometridae,Lepidoptera,Accepted,,Exact,,https://inpn.mnhn.fr/espece/cd_nom/248491
Scopula immutata,Scopula immutata,Scopula immutata,Scopula,Geometridae,Sterrhinae,Species,"(LINNAEUS, 1758)",EBMSM0000000011767,EBMSM0000000011767,457999,3,2,395441 | 395764,côte de Mancy (Lons-le-Saunier) | Voutenay_Thalsansoeufs02,248509,248509,"Scopula immutata (Linnaeus, 1758)","Scopula immutata (Linnaeus, 1758)",species,Geometridae,Lepidoptera,Accepted,,Exact,,https://inpn.mnhn.fr/espece/cd_nom/248509
Scopula marginepunctata,Scopula marginepunctata,Scopula marginepunctata,Scopula,Geometridae,Sterrhinae,Species,"(GOEZE, 1781)",EBMSM0000000011762,EBMSM0000000011762,457994,2,2,395764 | 397624,Voutenay_Thalsansoeufs02 | Mesves_IDB2,248506,248506,"Scopula marginepunctata (Goeze, 1781)","Scopula marginepunctata (Goeze, 1781)",species,Geometridae,Lepidoptera,Accepted,,Exact,,https://inpn.mnhn.fr/espece/cd_nom/248506
Scopula nigropunctata,Scopula nigropunctata,Scopula nigropunctata,Scopula,Geometridae,Sterrhinae,Species,"(HUFNAGEL, 1767)",EBMSM0000000011736,EBMSM0000000011736,457968,4,4,395725 | 396712 | 396714 | 396715,Voutenay_ThalOeufs | Piège 2 - aulnaie - marais de Saône | Piège 1 - boisement feuillus jeunes - Sauvagney | Piège 2 - boisement feuillus - Sauvagney,248497,248497,"Scopula nigropunctata (Hufnagel, 1767)","Scopula nigropunctata (Hufnagel, 1767)",species,Geometridae,Lepidoptera,Accepted,,Exact,,https://inpn.mnhn.fr/espece/cd_nom/248497
Scopula ornata,Scopula ornata,Scopula ornata,Scopula,Geometridae,Sterrhinae,Species,"(SCOPOLI, 1763)",EBMSM0000000011740,EBMSM0000000011740,457972,3,3,395441 | 395764 | 397624,côte de Mancy (Lons-le-Saunier) | Voutenay_Thalsansoeufs02 | Mesves_IDB2,248499,248499,"Scopula ornata (Scopoli, 1763)","Scopula ornata (Scopoli, 1763)",species,Geometridae,Lepidoptera,Accepted,,Exact,,https://inpn.mnhn.fr/espece/cd_nom/248499
Scopula rubiginata,Scopula rubiginata,Scopula rubiginata,Scopula,Geometridae,Sterrhinae,Species,"(HUFNAGEL, 1767)",EBMSM0000000011751,EBMSM0000000011751,457983,4,4,395885 | 395886 | 396414 | 396714,Comolle 1 | Comolle 2 | Varennes 1 | Piège 1 - boisement feuillus jeunes - Sauvagney,248503,248503,"Scopula rubiginata (Hufnagel, 1767)","Scopula rubiginata (Hufnagel, 1767)",species,Geometridae,Lepidoptera,Accepted,,Exact,,https://inpn.mnhn.fr/espece/cd_nom/248503
Scotopteryx,Scotopteryx,Scotopteryx,Scotopteryx,Geometridae,Larentiinae,Genus,,EBMSM0000000001838,EBMSM0000000001838,448070,1,1,399051,Solanetta_rnn_mantet,210519,210519,"Scotopteryx Hübner, 1825","Scotopteryx Hübner, 1825",genus,Geometridae,Lepidoptera,Accepted,,Exact,,https://inpn.mnhn.fr/espece/cd_nom/210519
Scotopteryx bipunctaria,Scotopteryx bipunctaria,Scotopteryx bipunctaria,Scotopteryx,Geometridae,Larentiinae,Species,"([DENIS & SCHIFFERMÜLLER], 1775)",EBMSM0000000011871,EBMSM0000000011871,458103,1,1,399051,Solanetta_rnn_mantet,248801,248801,"Scotopteryx bipunctaria (Denis & Schiffermüller, 1775)","Scotopteryx bipunctaria (Denis & Schiffermüller, 1775)",species,Geometridae,Lepidoptera,Accepted,,Exact,,https://inpn.mnhn.fr/espece/cd_nom/248801
Scotopteryx luridata,Scotopteryx luridata,Scotopteryx luridata,Scotopteryx,Geometridae,Larentiinae,Species,"(HUFNAGEL, 1767)",EBMSM0000000011866,EBMSM0000000011866,458098,3,2,395441 | 395725,côte de Mancy (Lons-le-Saunier) | Voutenay_ThalOeufs,248798,248798,"Scotopteryx luridata (Hufnagel, 1767)","Scotopteryx luridata (Hufnagel, 1767)",species,Geometridae,Lepidoptera,Accepted,,Exact,,https://inpn.mnhn.fr/espece/cd_nom/248798
Selenia dentaria,Selenia dentaria,Selenia dentaria,Selenia,Geometridae,Ennominae,Species,"(FABRICIUS, 1775)",EBMSM0000000011129,EBMSM0000000011129,457361,8,7,395812 | 395877 | 396020 | 396584 | 396585 | 397624 | 397629,La Truchère_dunes_boite_oeuf | Piège 2 - boisement feuillus - Sauvagney | Remoray forêt1 vide | Montmain 1 | Montmain 2 | Mesves_IDB2 | Maire 1,248924,248924,"Selenia dentaria (Fabricius, 1775)","Selenia dentaria (Fabricius, 1775)",species,Geometridae,Lepidoptera,Accepted,,Exact,,https://inpn.mnhn.fr/espece/cd_nom/248924
Selenia lunularia,Selenia lunularia,Selenia lunularia,Selenia,Geometridae,Ennominae,Species,"(HÜBNER, 1788)",EBMSM0000000011131,EBMSM0000000011131,457363,3,3,395441 | 396800 | 397624,côte de Mancy (Lons-le-Saunier) | Bure - Oeuf | Mesves_IDB2,248925,248925,"Selenia lunularia (Hübner, 1788)","Selenia lunularia (Hübner, 1788)",species,Geometridae,Lepidoptera,Accepted,,Exact,,https://inpn.mnhn.fr/espece/cd_nom/248925
Selenia tetralunaria,Selenia tetralunaria,Selenia tetralunaria,Selenia,Geometridae,Ennominae,Species,"(HUFNAGEL, 1767)",EBMSM0000000011133,EBMSM0000000011133,457365,9,6,395877 | 396584 | 396585 | 396712 | 396714 | 397630,Piège 2 - boisement feuillus - Sauvagney | Montmain 1 | Montmain 2 | Piège 2 - aulnaie - marais de Saône | Piège 1 - boisement feuillus jeunes - Sauvagney | Maire 2,248926,248926,"Selenia tetralunaria (Hufnagel, 1767)","Selenia tetralunaria (Hufnagel, 1767)",species,Geometridae,Lepidoptera,Accepted,,Exact,,https://inpn.mnhn.fr/espece/cd_nom/248926
Selidosema taeniolaria,Selidosema taeniolaria,Selidosema taeniolaria,Selidosema,Geometridae,Ennominae,Species,"(HÜBNER, [1813])",EBMSM0000000011429,EBMSM0000000011429,457661,1,1,399051,Solanetta_rnn_mantet,248886,248886,"Selidosema taeniolaria (Hübner, 1813)","Selidosema taeniolaria (Hübner, 1813)",species,Geometridae,Lepidoptera,Accepted,,Exact,,https://inpn.mnhn.fr/espece/cd_nom/248886
Siona lineata,Siona lineata,Siona lineata,Siona,Geometridae,Ennominae,Species,"(SCOPOLI, 1763)",EBMSM0000000011276,EBMSM0000000011276,457508,4,4,396795 | 396800 | 397620 | 399055,Bure - sans-oeuf | Bure - Oeuf | Mesves_IDB1 | Sous_col_mantet,248939,248939,"Siona lineata (Scopoli, 1763)","Siona lineata (Scopoli, 1763)",species,Geometridae,Lepidoptera,Accepted,,Exact,,https://inpn.mnhn.fr/espece/cd_nom/248939
Stegania trimaculata,Stegania trimaculata,Stegania trimaculata,Stegania,Geometridae,Ennominae,Species,"(DE VILLERS, 1789)",EBMSM0000000011014,EBMSM0000000011014,457246,12,4,395813 | 396715 | 397620 | 397624,La Truchère_tourbière | Piège 2 - boisement feuillus - Sauvagney | Mesves_IDB1 | Mesves_IDB2,248921,248921,"Stegania trimaculata (Villers, 1789)","Stegania trimaculata (Villers, 1789)",species,Geometridae,Lepidoptera,Accepted,,Exact,,https://inpn.mnhn.fr/espece/cd_nom/248921
Thalera fimbrialis,Thalera fimbrialis,Thalera fimbrialis,Thalera,Geometridae,Geometrinae,Species,"(SCOPOLI, 1763)",EBMSM0000000011538,EBMSM0000000011538,457770,3,3,396795 | 396800 | 397624,Bure - sans-oeuf | Bure - Oeuf | Mesves_IDB2,248828,248828,"Thalera fimbrialis (Scopoli, 1763)","Thalera fimbrialis (Scopoli, 1763)",species,Geometridae,Lepidoptera,Accepted,,Exact,,https://inpn.mnhn.fr/espece/cd_nom/248828
Thera,Thera,Thera,Thera,Geometridae,Larentiinae,Genus,,EBMSM0000000001865,EBMSM0000000001865,448097,2,2,397629 | 399055,Maire 1 | Sous_col_mantet,210456,210456,"Thera Stephens, 1831","Thera Stephens, 1831",genus,Geometridae,Lepidoptera,Accepted,,Exact,,https://inpn.mnhn.fr/espece/cd_nom/210456
Thera britannica,Thera britannica,Thera britannica,Thera,Geometridae,Larentiinae,Species,"(TURNER, 1925)",EBMSM0000000012026,EBMSM0000000012026,458258,1,1,397629,Maire 1,248560,248560,"Thera britannica (Turner, 1925)","Thera britannica (Turner, 1925)",species,Geometridae,Lepidoptera,Accepted,,Exact,,https://inpn.mnhn.fr/espece/cd_nom/248560
Thera cognata,Thera cognata,Thera cognata,Thera,Geometridae,Larentiinae,Species,"(THUNBERG & SEBALDT, 1792)",EBMSM0000000012022,EBMSM0000000012022,458254,1,1,399051,Solanetta_rnn_mantet,248558,248558,"Thera cognata (Thunberg & Sebaldt, 1792)","Thera cognata (Thunberg & Sebaldt, 1792)",species,Geometridae,Lepidoptera,Accepted,,Exact,,https://inpn.mnhn.fr/espece/cd_nom/248558
Thera obeliscata,Thera obeliscata,Thera obeliscata,Thera,Geometridae,Larentiinae,Species,"(HÜBNER, 1787)",EBMSM0000000012032,EBMSM0000000012032,458264,4,4,394742 | 395441 | 397629 | 399055,Vernay 1 | côte de Mancy (Lons-le-Saunier) | Maire 1 | Sous_col_mantet,248562,248562,"Thera obeliscata (Hübner, 1787)","Thera obeliscata (Hübner, 1787)",species,Geometridae,Lepidoptera,Accepted,,Exact,,https://inpn.mnhn.fr/espece/cd_nom/248562
Thera variata,Thera variata,Thera variata,Thera,Geometridae,Larentiinae,Species,"([DENIS & SCHIFFERMÜLLER], 1775)",EBMSM0000000012024,EBMSM0000000012024,458256,6,5,396584 | 397629 | 397630 | 397631 | 399055,Montmain 1 | Maire 1 | Maire 2 | Vernay 2 | Sous_col_mantet,248559,248559,"Thera variata (Denis & Schiffermüller, 1775)","Thera variata (Denis & Schiffermüller, 1775)",species,Geometridae,Lepidoptera,Accepted,,Exact,,https://inpn.mnhn.fr/espece/cd_nom/248559
Timandra comae,Timandra comae,Timandra comae,Timandra,Geometridae,Sterrhinae,Species,"A. SCHMIDT, 1931",EBMSM0000000011811,EBMSM0000000011811,458043,2,2,396712 | 396715,Piège 2 - aulnaie - marais de Saône | Piège 2 - boisement feuillus - Sauvagney,248516,248516,"Timandra comae Schmidt, 1931","Timandra comae Schmidt, 1931",species,Geometridae,Lepidoptera,Accepted,,Exact,,https://inpn.mnhn.fr/espece/cd_nom/248516
Trichopteryx carpinata,Trichopteryx carpinata,Trichopteryx carpinata,Trichopteryx,Geometridae,Larentiinae,Species,"(BORKHAUSEN, 1794)",EBMSM0000000012277,EBMSM0000000012277,458509,2,2,395767 | 396022,ZA 1 Oeufs | Remoray forêt2 oeufs,248763,248763,"Trichopteryx carpinata (Borkhausen, 1794)","Trichopteryx carpinata (Borkhausen, 1794)",species,Geometridae,Lepidoptera,Accepted,,Exact,,https://inpn.mnhn.fr/espece/cd_nom/248763
Trichopteryx polycommata,Trichopteryx polycommata,Trichopteryx polycommata,Trichopteryx,Geometridae,Larentiinae,Species,"([DENIS & SCHIFFERMÜLLER], 1775)",EBMSM0000000012275,EBMSM0000000012275,458507,2,2,396020 | 396022,Remoray forêt1 vide | Remoray forêt2 oeufs,248762,248762,"Trichopteryx polycommata (Denis & Schiffermüller, 1775)","Trichopteryx polycommata (Denis & Schiffermüller, 1775)",species,Geometridae,Lepidoptera,Accepted,,Exact,,https://inpn.mnhn.fr/espece/cd_nom/248762
Triphosa dubitata,Triphosa dubitata,Triphosa dubitata,Triphosa,Geometridae,Larentiinae,Species,"(LINNAEUS, 1758)",EBMSM0000000012175,EBMSM0000000012175,458407,6,6,395441 | 395813 | 395885 | 397624 | 397630 | 399051,côte de Mancy (Lons-le-Saunier) | La Truchère_tourbière | Comolle 1 | Mesves_IDB2 | Maire 2 | Solanetta_rnn_mantet,248745,248745,"Triphosa dubitata (Linnaeus, 1758)","Triphosa dubitata (Linnaeus, 1758)",species,Geometridae,Lepidoptera,Accepted,,Exact,,https://inpn.mnhn.fr/espece/cd_nom/248745
Xanthorhoe designata,Xanthorhoe designata,Xanthorhoe designata,Xanthorhoe,Geometridae,Larentiinae,Species,"(HUFNAGEL, 1767)",EBMSM0000000011915,EBMSM0000000011915,458147,1,1,396714,Piège 1 - boisement feuillus jeunes - Sauvagney,248790,248790,"Xanthorhoe designata (Hufnagel, 1767)","Xanthorhoe designata (Hufnagel, 1767)",species,Geometridae,Lepidoptera,Accepted,,Exact,,https://inpn.mnhn.fr/espece/cd_nom/248790
Xanthorhoe ferrugata,Xanthorhoe ferrugata,Xanthorhoe ferrugata,Xanthorhoe,Geometridae,Larentiinae,Species,"(CLERCK, 1759)",EBMSM0000000011912,EBMSM0000000011912,458144,2,2,395764 | 396710,Voutenay_Thalsansoeufs02 | Piège 1 - cariçaie - marais de Saône,248789,248789,"Xanthorhoe ferrugata (Clerck, 1759)","Xanthorhoe ferrugata (Clerck, 1759)",species,Geometridae,Lepidoptera,Accepted,,Exact,,https://inpn.mnhn.fr/espece/cd_nom/248789
Xanthorhoe montanata,Xanthorhoe montanata,Xanthorhoe montanata,Xanthorhoe,Geometridae,Larentiinae,Species,"([DENIS & SCHIFFERMÜLLER], 1775)",EBMSM0000000011917,EBMSM0000000011917,458149,4,4,395767 | 395768 | 396020 | 399051,ZA 1 Oeufs | ZA 2 vide | Remoray forêt1 vide | Solanetta_rnn_mantet,248791,248791,"Xanthorhoe montanata (Denis & Schiffermüller, 1775)","Xanthorhoe montanata (Denis & Schiffermüller, 1775)",species,Geometridae,Lepidoptera,Accepted,,Exact,,https://inpn.mnhn.fr/espece/cd_nom/248791
Korscheltellus lupulina,Korscheltellus lupulina,Korscheltellus lupulina,Korscheltellus,Hepialidae,,Species,"(LINNAEUS, 1758)",EBMSM0000000002451,EBMSM0000000002451,448683,4,4,395878 | 396414 | 396416 | 397631,Piège 1 - boisement feuillus jeunes - Sauvagney | Varennes 1 | Varennes 2 | Vernay 2,54540,54540,"Korscheltellus lupulinus (Linnaeus, 1758)","Korscheltellus lupulinus (Linnaeus, 1758)",species,Hepialidae,Lepidoptera,Accepted,,Fuzzy,,https://inpn.mnhn.fr/espece/cd_nom/54540
Phymatopus hecta,Phymatopus hecta,Phymatopus hecta,Phymatopus,Hepialidae,,Species,"(LINNAEUS, 1758)",EBMSM0000000002461,EBMSM0000000002461,448693,2,2,395764 | 396584,Voutenay_Thalsansoeufs02 | Montmain 1,245166,245166,"Phymatopus hecta (Linnaeus, 1758)","Phymatopus hecta (Linnaeus, 1758)",species,Hepialidae,Lepidoptera,Accepted,,Exact,,https://inpn.mnhn.fr/espece/cd_nom/245166
Triodia sylvina,Triodia sylvina,Triodia sylvina,Triodia,Hepialidae,,Species,"(LINNAEUS, 1761)",EBMSM0000000002444,EBMSM0000000002444,448676,4,4,395441 | 395725 | 395764 | 397624,côte de Mancy (Lons-le-Saunier) | Voutenay_ThalOeufs | Voutenay_Thalsansoeufs02 | Mesves_IDB2,245161,245161,"Triodia sylvina (Linnaeus, 1761)","Triodia sylvina (Linnaeus, 1761)",species,Hepialidae,Lepidoptera,Accepted,,Exact,,https://inpn.mnhn.fr/espece/cd_nom/245161
Dendrolimus pini,Dendrolimus pini,Dendrolimus pini,Dendrolimus,Lasiocampidae,Pinarinae,Species,"(LINNAEUS, 1758)",EBMSM0000000010872,EBMSM0000000010872,457104,11,8,395447 | 395763 | 395885 | 396414 | 396584 | 396795 | 397629 | 397630,Sur Mancy (Macornay) | Remoray Zh1 ouef | Comolle 1 | Varennes 1 | Montmain 1 | Bure - sans-oeuf | Maire 1 | Maire 2,54779,54779,"Dendrolimus pini (Linnaeus, 1758)","Dendrolimus pini (Linnaeus, 1758)",species,Lasiocampidae,Lepidoptera,Accepted,,Exact,,https://inpn.mnhn.fr/espece/cd_nom/54779
Euthrix potatoria,Euthrix potatoria,Euthrix potatoria,Euthrix,Lasiocampidae,Pinarinae,Species,"(LINNAEUS, 1758)",EBMSM0000000010877,EBMSM0000000010877,457109,13,10,394742 | 395764 | 395813 | 395877 | 395878 | 396712 | 396795 | 396800 | 397629 | 397631,Vernay 1 | Voutenay_Thalsansoeufs02 | La Truchère_tourbière | Piège 2 - boisement feuillus - Sauvagney | Piège 1 - boisement feuillus jeunes - Sauvagney | Piège 2 - aulnaie - marais de Saône | Bure - sans-oeuf | Bure - Oeuf | Maire 1 | Vernay 2,248363,248363,"Euthrix potatoria (Linnaeus, 1758)","Euthrix potatoria (Linnaeus, 1758)",species,Lasiocampidae,Lepidoptera,Accepted,,Exact,,https://inpn.mnhn.fr/espece/cd_nom/248363
Gastropacha quercifolia,Gastropacha quercifolia,Gastropacha quercifolia,Gastropacha,Lasiocampidae,Pinarinae,Species,"(LINNAEUS, 1758)",EBMSM0000000010890,EBMSM0000000010890,457122,7,7,395447 | 395725 | 395764 | 396795 | 396800 | 397620 | 397624,Sur Mancy (Macornay) | Voutenay_ThalOeufs | Voutenay_Thalsansoeufs02 | Bure - sans-oeuf | Bure - Oeuf | Mesves_IDB1 | Mesves_IDB2,54732,54732,"Gastropacha quercifolia (Linnaeus, 1758)","Gastropacha quercifolia (Linnaeus, 1758)",species,Lasiocampidae,Lepidoptera,Accepted,,Exact,,https://inpn.mnhn.fr/espece/cd_nom/54732
Lasiocampa quercus,Lasiocampa quercus,Lasiocampa quercus,Lasiocampa,Lasiocampidae,Lasiocampinae,Species,"(LINNAEUS, 1758)",EBMSM0000000010862,EBMSM0000000010862,457094,9,9,395441 | 396414 | 396416 | 396584 | 396715 | 396795 | 397620 | 397624 | 399051,côte de Mancy (Lons-le-Saunier) | Varennes 1 | Varennes 2 | Montmain 1 | Piège 2 - boisement feuillus - Sauvagney | Bure - sans-oeuf | Mesves_IDB1 | Mesves_IDB2 | Solanetta_rnn_mantet,54770,54770,"Lasiocampa quercus (Linnaeus, 1758)","Lasiocampa quercus (Linnaeus, 1758)",species,Lasiocampidae,Lepidoptera,Accepted,,Exact,,https://inpn.mnhn.fr/espece/cd_nom/54770
Macrothylacia rubi,Macrothylacia rubi,Macrothylacia rubi,Macrothylacia,Lasiocampidae,Lasiocampinae,Species,"(LINNAEUS, 1758)",EBMSM0000000010866,EBMSM0000000010866,457098,7,5,395725 | 395763 | 395764 | 396800 | 399055,Voutenay_ThalOeufs | Remoray Zh1 ouef | Voutenay_Thalsansoeufs02 | Bure - Oeuf | Sous_col_mantet,54773,54773,"Macrothylacia rubi (Linnaeus, 1758)","Macrothylacia rubi (Linnaeus, 1758)",species,Lasiocampidae,Lepidoptera,Accepted,,Exact,,https://inpn.mnhn.fr/espece/cd_nom/54773
Malacosoma neustria,Malacosoma neustria,Malacosoma neustria,Malacosoma,Lasiocampidae,Lasiocampinae,Species,"(LINNAEUS, 1758)",EBMSM0000000010849,EBMSM0000000010849,457081,21,18,394742 | 395441 | 395447 | 395725 | 395764 | 395812 | 395885 | 395886 | 396022 | 396414 | 396416 | 396714 | 396715 | 396795 | 396800 | 397620 | 397624 | 397631,Vernay 1 | côte de Mancy (Lons-le-Saunier) | Sur Mancy (Macornay) | Voutenay_ThalOeufs | Voutenay_Thalsansoeufs02 | La Truchère_dunes_boite_oeuf | Comolle 1 | Comolle 2 | Remoray forêt2 oeufs | Varennes 1 | Varennes 2 | Piège 1 - boisement feuillus jeunes - Sauvagney | Piège 2 - boisement feuillus - Sauvagney | Bure - sans-oeuf | Bure - Oeuf | Mesves_IDB1 | Mesves_IDB2 | Vernay 2,54744,54744,"Malacosoma neustria (Linnaeus, 1758)","Malacosoma neustria (Linnaeus, 1758)",species,Lasiocampidae,Lepidoptera,Accepted,,Exact,,https://inpn.mnhn.fr/espece/cd_nom/54744
Odonestis pruni,Odonestis pruni,Odonestis pruni,Odonestis,Lasiocampidae,Pinarinae,Species,"(LINNAEUS, 1758)",EBMSM0000000010894,EBMSM0000000010894,457126,9,8,395447 | 395764 | 395877 | 395885 | 396416 | 396585 | 396795 | 396800,Sur Mancy (Macornay) | Voutenay_Thalsansoeufs02 | Piège 2 - boisement feuillus - Sauvagney | Comolle 1 | Varennes 2 | Montmain 2 | Bure - sans-oeuf | Bure - Oeuf,54782,54782,"Odonestis pruni (Linnaeus, 1758)","Odonestis pruni (Linnaeus, 1758)",species,Lasiocampidae,Lepidoptera,Accepted,,Exact,,https://inpn.mnhn.fr/espece/cd_nom/54782
Phyllodesma tremulifolia,Phyllodesma tremulifolia,Phyllodesma tremulifolia,Phyllodesma,Lasiocampidae,Pinarinae,Species,"(HÜBNER, [1810])",EBMSM0000000010885,EBMSM0000000010885,457117,1,1,395725,Voutenay_ThalOeufs,54739,54739,"Phyllodesma tremulifolia (Hübner, 1810)","Phyllodesma tremulifolia (Hübner, 1810)",species,Lasiocampidae,Lepidoptera,Accepted,,Exact,,https://inpn.mnhn.fr/espece/cd_nom/54739
Trichiura crataegi,Trichiura crataegi,Trichiura crataegi,Trichiura,Lasiocampidae,Poecilocampinae,Species,"(LINNAEUS, 1758)",EBMSM0000000010833,EBMSM0000000010833,457065,1,1,396414,Varennes 1,54752,54752,"Trichiura crataegi (Linnaeus, 1758)","Trichiura crataegi (Linnaeus, 1758)",species,Lasiocampidae,Lepidoptera,Accepted,,Exact,,https://inpn.mnhn.fr/espece/cd_nom/54752
Apoda limacodes,Apoda limacodes,Apoda limacodes,Apoda,Limacodidae,,Species,"(HUFNAGEL, 1766)",EBMSM0000000008790,EBMSM0000000008790,455022,8,8,394742 | 396022 | 396416 | 396712 | 396714 | 396715 | 396795 | 396800,Vernay 1 | Remoray forêt2 oeufs | Varennes 2 | Piège 2 - aulnaie - marais de Saône | Piège 1 - boisement feuillus jeunes - Sauvagney | Piège 2 - boisement feuillus - Sauvagney | Bure - sans-oeuf | Bure - Oeuf,247030,247030,"Apoda limacodes (Hufnagel, 1766)","Apoda limacodes (Hufnagel, 1766)",species,Limacodidae,Lepidoptera,Accepted,,Exact,,https://inpn.mnhn.fr/espece/cd_nom/247030
Abrostola asclepiadis,Abrostola asclepiadis,Abrostola asclepiadis,Abrostola,Noctuidae,Plusiinae,Species,"([DENIS & SCHIFFERMÜLLER], 1775)",EBMSM0000000013217,EBMSM0000000013217,459449,2,2,395441 | 395447,côte de Mancy (Lons-le-Saunier) | Sur Mancy (Macornay),249157,249157,"Abrostola asclepiadis (Denis & Schiffermüller, 1775)","Abrostola asclepiadis (Denis & Schiffermüller, 1775)",species,Noctuidae,Lepidoptera,Accepted,,Exact,,https://inpn.mnhn.fr/espece/cd_nom/249157
Abrostola tripartita,Abrostola tripartita,Abrostola tripartita,Abrostola,Noctuidae,Plusiinae,Species,"(HUFNAGEL, 1766)",EBMSM0000000013215,EBMSM0000000013215,459447,1,1,395764,Voutenay_Thalsansoeufs02,249156,249156,"Abrostola tripartita (Hufnagel, 1766)","Abrostola tripartita (Hufnagel, 1766)",species,Noctuidae,Lepidoptera,Accepted,,Exact,,https://inpn.mnhn.fr/espece/cd_nom/249156
Abrostola triplasia,Abrostola triplasia,Abrostola triplasia,Abrostola,Noctuidae,Plusiinae,Species,"(LINNAEUS, 1758)",EBMSM0000000013222,EBMSM0000000013222,459454,2,2,395764 | 395877,Voutenay_Thalsansoeufs02 | Piège 2 - boisement feuillus - Sauvagney,249158,249158,"Abrostola triplasia (Linnaeus, 1758)","Abrostola triplasia (Linnaeus, 1758)",species,Noctuidae,Lepidoptera,Accepted,,Exact,,https://inpn.mnhn.fr/espece/cd_nom/249158
Acontia lucida,Acontia lucida,Acontia lucida,Acontia,Noctuidae,Xyleninae,Species,"(HUFNAGEL, 1766)",EBMSM0000000013330,EBMSM0000000013330,459562,5,4,395725 | 395885 | 396414 | 396416,Voutenay_ThalOeufs | Comolle 1 | Varennes 1 | Varennes 2,249829,249829,"Acontia lucida (Hufnagel, 1766)","Acontia lucida (Hufnagel, 1766)",species,Noctuidae,Lepidoptera,Accepted,,Exact,,https://inpn.mnhn.fr/espece/cd_nom/249829
Acontia trabealis,Acontia trabealis,Acontia trabealis,Acontia,Noctuidae,Xyleninae,Species,"(SCOPOLI, 1763)",EBMSM0000000013327,EBMSM0000000013327,459559,6,5,395441 | 395447 | 396715 | 396795 | 396800,côte de Mancy (Lons-le-Saunier) | Sur Mancy (Macornay) | Piège 2 - boisement feuillus - Sauvagney | Bure - sans-oeuf | Bure - Oeuf,781861,249667,"Acontia trabealis (Scopoli, 1763)","Emmelia trabealis (Scopoli, 1763)",species,Noctuidae,Lepidoptera,Synonym,,Exact,,https://inpn.mnhn.fr/espece/cd_nom/781861
Acronicta,Acronicta,Acronicta,Acronicta,Noctuidae,Acronictinae,Genus,,EBMSM0000000002111,EBMSM0000000002111,448343,1,1,399051,Solanetta_rnn_mantet,211146,211146,"Acronicta Ochsenheimer, 1816","Acronicta Ochsenheimer, 1816",genus,Noctuidae,Lepidoptera,Accepted,,Exact,,https://inpn.mnhn.fr/espece/cd_nom/211146
Acronicta aceris,Acronicta aceris,Acronicta aceris,Acronicta,Noctuidae,Acronictinae,Species,"(LINNAEUS, 1758)",EBMSM0000000013388,EBMSM0000000013388,459620,2,2,394742 | 399051,Vernay 1 | Solanetta_rnn_mantet,249821,249821,"Acronicta aceris (Linnaeus, 1758)","Acronicta aceris (Linnaeus, 1758)",species,Noctuidae,Lepidoptera,Accepted,,Exact,,https://inpn.mnhn.fr/espece/cd_nom/249821
Acronicta auricoma,Acronicta auricoma,Acronicta auricoma,Acronicta,Noctuidae,Acronictinae,Species,"([DENIS & SCHIFFERMÜLLER], 1775)",EBMSM0000000013380,EBMSM0000000013380,459612,1,1,396712,Piège 2 - aulnaie - marais de Saône,249826,249826,"Acronicta auricoma (Denis & Schiffermüller, 1775)","Acronicta auricoma (Denis & Schiffermüller, 1775)",species,Noctuidae,Lepidoptera,Accepted,,Exact,,https://inpn.mnhn.fr/espece/cd_nom/249826
Acronicta rumicis,Acronicta rumicis,Acronicta rumicis,Acronicta,Noctuidae,Acronictinae,Species,"(LINNAEUS, 1758)",EBMSM0000000013382,EBMSM0000000013382,459614,4,3,395813 | 396712 | 397624,La Truchère_tourbière | Piège 2 - aulnaie - marais de Saône | Mesves_IDB2,249828,249828,"Acronicta rumicis (Linnaeus, 1758)","Acronicta rumicis (Linnaeus, 1758)",species,Noctuidae,Lepidoptera,Accepted,,Exact,,https://inpn.mnhn.fr/espece/cd_nom/249828
Actinotia polyodon,Actinotia polyodon,Actinotia polyodon,Actinotia,Noctuidae,Xyleninae,Species,"(CLERCK, 1759)",EBMSM0000000013826,EBMSM0000000013826,460058,1,1,395725,Voutenay_ThalOeufs,249542,249542,"Actinotia polyodon (Clerck, 1759)","Actinotia polyodon (Clerck, 1759)",species,Noctuidae,Lepidoptera,Accepted,,Exact,,https://inpn.mnhn.fr/espece/cd_nom/249542
Agrochola lychnidis,Agrochola lychnidis,Agrochola lychnidis,Agrochola,Noctuidae,Xyleninae,Species,"([DENIS & SCHIFFERMÜLLER], 1775)",EBMSM0000000013898,EBMSM0000000013898,460130,3,2,395725 | 395764,Voutenay_ThalOeufs | Voutenay_Thalsansoeufs02,249649,249649,"Agrochola lychnidis (Denis & Schiffermüller, 1775)","Agrochola lychnidis (Denis & Schiffermüller, 1775)",species,Noctuidae,Lepidoptera,Accepted,,Exact,,https://inpn.mnhn.fr/espece/cd_nom/249649
Agrotis bigramma,Agrotis bigramma,Agrotis bigramma,Agrotis,Noctuidae,Noctuinae,Species,"(ESPER, 1790)",EBMSM0000000014729,EBMSM0000000014729,460961,5,5,395764 | 395885 | 396414 | 396416 | 397629,Voutenay_Thalsansoeufs02 | Comolle 1 | Varennes 1 | Varennes 2 | Maire 1,249195,249195,"Agrotis bigramma (Esper, 1790)","Agrotis bigramma (Esper, 1790)",species,Noctuidae,Lepidoptera,Accepted,,Exact,,https://inpn.mnhn.fr/espece/cd_nom/249195
Agrotis cinerea,Agrotis cinerea,Agrotis cinerea,Agrotis,Noctuidae,Noctuinae,Species,"([DENIS & SCHIFFERMÜLLER], 1775)",EBMSM0000000014695,EBMSM0000000014695,460927,13,9,395441 | 395447 | 395725 | 395764 | 396795 | 396800 | 398133 | 398134 | 399055,côte de Mancy (Lons-le-Saunier) | Sur Mancy (Macornay) | Voutenay_ThalOeufs | Voutenay_Thalsansoeufs02 | Bure - sans-oeuf | Bure - Oeuf | THALERA_EYNE_1_sans_boite | THALERA_EYNE_2_boite_oeuf | Sous_col_mantet,249210,249210,"Agrotis cinerea (Denis & Schiffermüller, 1775)","Agrotis cinerea (Denis & Schiffermüller, 1775)",species,Noctuidae,Lepidoptera,Accepted,,Exact,,https://inpn.mnhn.fr/espece/cd_nom/249210
Agrotis clavis,Agrotis clavis,Agrotis clavis,Agrotis,Noctuidae,Noctuinae,Species,"([HUFNAGEL], 1766)",EBMSM0000000014704,EBMSM0000000014704,460936,1,1,395725,Voutenay_ThalOeufs,249203,249203,"Agrotis clavis (Hufnagel, 1766)","Agrotis clavis (Hufnagel, 1766)",species,Noctuidae,Lepidoptera,Accepted,,Exact,,https://inpn.mnhn.fr/espece/cd_nom/249203
Agrotis exclamationis,Agrotis exclamationis,Agrotis exclamationis,Agrotis,Noctuidae,Noctuinae,Species,"(LINNAEUS, 1758)",EBMSM0000000014725,EBMSM0000000014725,460957,37,24,394742 | 395441 | 395447 | 395725 | 395764 | 395768 | 395812 | 395813 | 395885 | 395886 | 396020 | 396022 | 396414 | 396416 | 396584 | 396585 | 396710 | 396712 | 396715 | 396795 | 396800 | 397620 | 397624 | 397631,Vernay 1 | côte de Mancy (Lons-le-Saunier) | Sur Mancy (Macornay) | Voutenay_ThalOeufs | Voutenay_Thalsansoeufs02 | ZA 2 vide | La Truchère_dunes_boite_oeuf | La Truchère_tourbière | Comolle 1 | Comolle 2 | Remoray forêt1 vide | Remoray forêt2 oeufs | Varennes 1 | Varennes 2 | Montmain 1 | Montmain 2 | Piège 1 - cariçaie - marais de Saône | Piège 2 - aulnaie - marais de Saône | Piège 2 - boisement feuillus - Sauvagney | Bure - sans-oeuf | Bure - Oeuf | Mesves_IDB1 | Mesves_IDB2 | Vernay 2,249202,249202,"Agrotis exclamationis (Linnaeus, 1758)","Agrotis exclamationis (Linnaeus, 1758)",species,Noctuidae,Lepidoptera,Accepted,,Exact,,https://inpn.mnhn.fr/espece/cd_nom/249202
Agrotis ipsilon,Agrotis ipsilon,Agrotis ipsilon,Agrotis,Noctuidae,Noctuinae,Species,"(HUFNAGEL, 1766)",EBMSM0000000014727,EBMSM0000000014727,460959,6,6,394742 | 395812 | 396585 | 396712 | 397624 | 397630,Vernay 1 | La Truchère_dunes_boite_oeuf | Montmain 2 | Piège 2 - aulnaie - marais de Saône | Mesves_IDB2 | Maire 2,249200,249200,"Agrotis ipsilon (Hufnagel, 1766)","Agrotis ipsilon (Hufnagel, 1766)",species,Noctuidae,Lepidoptera,Accepted,,Exact,,https://inpn.mnhn.fr/espece/cd_nom/249200
Agrotis puta,Agrotis puta,Agrotis puta,Agrotis,Noctuidae,Noctuinae,Species,"(HÜBNER, [1803])",EBMSM0000000014710,EBMSM0000000014710,460942,1,1,395725,Voutenay_ThalOeufs,249198,249198,"Agrotis puta (Hübner, 1803)","Agrotis puta (Hübner, 1803)",species,Noctuidae,Lepidoptera,Accepted,,Exact,,https://inpn.mnhn.fr/espece/cd_nom/249198
Agrotis ripae,Agrotis ripae,Agrotis ripae,Agrotis,Noctuidae,Noctuinae,Species,"HÜBNER, [1823]",EBMSM0000000014719,EBMSM0000000014719,460951,1,1,395764,Voutenay_Thalsansoeufs02,249196,249196,"Agrotis ripae (Hübner, 1823)","Agrotis ripae (Hübner, 1823)",species,Noctuidae,Lepidoptera,Accepted,,Exact,,https://inpn.mnhn.fr/espece/cd_nom/249196
Agrotis segetum,Agrotis segetum,Agrotis segetum,Agrotis,Noctuidae,Noctuinae,Species,"([DENIS & SCHIFFERMÜLLER], 1775)",EBMSM0000000014701,EBMSM0000000014701,460933,5,5,395725 | 395812 | 396414 | 396416 | 396585,Voutenay_ThalOeufs | La Truchère_dunes_boite_oeuf | Varennes 1 | Varennes 2 | Montmain 2,249204,249204,"Agrotis segetum (Denis & Schiffermüller, 1775)","Agrotis segetum (Denis & Schiffermüller, 1775)",species,Noctuidae,Lepidoptera,Accepted,,Exact,,https://inpn.mnhn.fr/espece/cd_nom/249204
Agrotis trux,Agrotis trux,Agrotis trux,Agrotis,Noctuidae,Noctuinae,Species,"(HÜBNER, [1824])",EBMSM0000000014723,EBMSM0000000014723,460955,2,2,395441 | 399051,côte de Mancy (Lons-le-Saunier) | Solanetta_rnn_mantet,249201,249201,"Agrotis trux (Hübner, 1824)","Agrotis trux (Hübner, 1824)",species,Noctuidae,Lepidoptera,Accepted,,Exact,,https://inpn.mnhn.fr/espece/cd_nom/249201
Agrotis vestigialis,Agrotis vestigialis,Agrotis vestigialis,Agrotis,Noctuidae,Noctuinae,Species,"([HUFNAGEL], 1766)",EBMSM0000000014714,EBMSM0000000014714,460946,1,1,395812,La Truchère_dunes_boite_oeuf,249206,249206,"Agrotis vestigialis (Hufnagel, 1766)","Agrotis vestigialis (Hufnagel, 1766)",species,Noctuidae,Lepidoptera,Accepted,,Exact,,https://inpn.mnhn.fr/espece/cd_nom/249206
Amphipyra berbera,Amphipyra berbera,Amphipyra berbera,Amphipyra,Noctuidae,Amphipyrinae,Species,"RUNGS, 1949",EBMSM0000000013572,EBMSM0000000013572,459804,3,3,394742 | 395725 | 396585,Vernay 1 | Voutenay_ThalOeufs | Montmain 2,249802,249802,"Amphipyra berbera Rungs, 1949","Amphipyra berbera Rungs, 1949",species,Noctuidae,Lepidoptera,Accepted,,Exact,,https://inpn.mnhn.fr/espece/cd_nom/249802
Amphipyra pyramidea,Amphipyra pyramidea,Amphipyra pyramidea,Amphipyra,Noctuidae,Amphipyrinae,Species,"(LINNAEUS, 1758)",EBMSM0000000013570,EBMSM0000000013570,459802,11,10,395447 | 395725 | 395812 | 395885 | 396584 | 396585 | 396795 | 396800 | 397630 | 397631,Sur Mancy (Macornay) | Voutenay_ThalOeufs | La Truchère_dunes_boite_oeuf | Comolle 1 | Montmain 1 | Montmain 2 | Bure - sans-oeuf | Bure - Oeuf | Maire 2 | Vernay 2,249801,249801,"Amphipyra pyramidea (Linnaeus, 1758)","Amphipyra pyramidea (Linnaeus, 1758)",species,Noctuidae,Lepidoptera,Accepted,,Exact,,https://inpn.mnhn.fr/espece/cd_nom/249801
Amphipyra tragopoginis,Amphipyra tragopoginis,Amphipyra tragopoginis,Amphipyra,Noctuidae,Amphipyrinae,Species,"(CLERCK, 1759)",EBMSM0000000013578,EBMSM0000000013578,459810,16,13,394742 | 395812 | 395885 | 395886 | 396416 | 396584 | 396585 | 396715 | 396795 | 397620 | 397629 | 397630 | 397631,Vernay 1 | La Truchère_dunes_boite_oeuf | Comolle 1 | Comolle 2 | Varennes 2 | Montmain 1 | Montmain 2 | Piège 2 - boisement feuillus - Sauvagney | Bure - sans-oeuf | Mesves_IDB1 | Maire 1 | Maire 2 | Vernay 2,249805,249805,"Amphipyra tragopoginis (Clerck, 1759)","Amphipyra tragopoginis (Clerck, 1759)",species,Noctuidae,Lepidoptera,Accepted,,Exact,,https://inpn.mnhn.fr/espece/cd_nom/249805
Anaplectoides prasina,Anaplectoides prasina,Anaplectoides prasina,Anaplectoides,Noctuidae,Noctuinae,Species,"([DENIS & SCHIFFERMÜLLER], 1775)",EBMSM0000000015003,EBMSM0000000015003,461235,1,1,396022,Remoray forêt2 oeufs,989733,989733,"Anaplectoides prasinus (Denis & Schiffermüller, 1775)","Anaplectoides prasinus (Denis & Schiffermüller, 1775)",species,Noctuidae,Lepidoptera,Accepted,,Fuzzy,,https://inpn.mnhn.fr/espece/cd_nom/989733
Anarta odontites,Anarta odontites,Anarta odontites,Anarta,Noctuidae,Hadeninae,Species,"(BOISDUVAL, 1829)",EBMSM0000000014380,EBMSM0000000014380,460612,2,1,398134,THALERA_EYNE_2_boite_oeuf,778119,778119,"Anarta odontites (Boisduval, 1828)","Anarta odontites (Boisduval, 1828)",species,Noctuidae,Lepidoptera,Accepted,,Exact,,https://inpn.mnhn.fr/espece/cd_nom/778119
Apamea anceps,Apamea anceps,Apamea anceps,Apamea,Noctuidae,Xyleninae,Species,"([DENIS & SCHIFFERMÜLLER], 1775)",EBMSM0000000014250,EBMSM0000000014250,460482,1,1,396414,Varennes 1,249402,249402,"Apamea anceps (Denis & Schiffermüller, 1775)","Apamea anceps (Denis & Schiffermüller, 1775)",species,Noctuidae,Lepidoptera,Accepted,,Exact,,https://inpn.mnhn.fr/espece/cd_nom/249402
Apamea epomidion,Apamea epomidion,Apamea epomidion,Apamea,Noctuidae,Xyleninae,Species,"(HAWORTH, [1809])",EBMSM0000000014244,EBMSM0000000014244,460476,1,1,396714,Piège 1 - boisement feuillus jeunes - Sauvagney,249390,249390,"Apamea epomidion (Haworth, 1809)","Apamea epomidion (Haworth, 1809)",species,Noctuidae,Lepidoptera,Accepted,,Exact,,https://inpn.mnhn.fr/espece/cd_nom/249390
Apamea furva,Apamea furva,Apamea furva,Apamea,Noctuidae,Xyleninae,Species,"([DENIS & SCHIFFERMÜLLER], 1775)",EBMSM0000000014278,EBMSM0000000014278,460510,1,1,399051,Solanetta_rnn_mantet,249393,249393,"Apamea furva (Denis & Schiffermüller, 1775)","Apamea furva (Denis & Schiffermüller, 1775)",species,Noctuidae,Lepidoptera,Accepted,,Exact,,https://inpn.mnhn.fr/espece/cd_nom/249393
Apamea illyria,Apamea illyria,Apamea illyria,Apamea,Noctuidae,Xyleninae,Species,"FREYER, 1846",EBMSM0000000014257,EBMSM0000000014257,460489,1,1,396584,Montmain 1,249401,249401,"Apamea illyria Freyer, 1846","Apamea illyria Freyer, 1846",species,Noctuidae,Lepidoptera,Accepted,,Exact,,https://inpn.mnhn.fr/espece/cd_nom/249401
Apamea lithoxylaea,Apamea lithoxylaea,Apamea lithoxylaea,Apamea,Noctuidae,Xyleninae,Species,"([DENIS & SCHIFFERMÜLLER], 1775)",EBMSM0000000014273,EBMSM0000000014273,460505,3,3,395886 | 396414 | 396416,Comolle 2 | Varennes 1 | Varennes 2,249387,249387,"Apamea lithoxylaea (Denis & Schiffermüller, 1775)","Apamea lithoxylaea (Denis & Schiffermüller, 1775)",species,Noctuidae,Lepidoptera,Accepted,,Exact,,https://inpn.mnhn.fr/espece/cd_nom/249387
Apamea monoglypha,Apamea monoglypha,Apamea monoglypha,Apamea,Noctuidae,Xyleninae,Species,"(HUFNAGEL, 1766)",EBMSM0000000014266,EBMSM0000000014266,460498,10,9,395441 | 395447 | 395725 | 395885 | 396414 | 396416 | 396585 | 396795 | 396800,côte de Mancy (Lons-le-Saunier) | Sur Mancy (Macornay) | Voutenay_ThalOeufs | Comolle 1 | Varennes 1 | Varennes 2 | Montmain 2 | Bure - sans-oeuf | Bure - Oeuf,249385,249385,"Apamea monoglypha (Hufnagel, 1766)","Apamea monoglypha (Hufnagel, 1766)",species,Noctuidae,Lepidoptera,Accepted,,Exact,,https://inpn.mnhn.fr/espece/cd_nom/249385
Apamea remissa,Apamea remissa,Apamea remissa,Apamea,Noctuidae,Xyleninae,Species,"(HÜBNER, [1808-1809])",EBMSM0000000014242,EBMSM0000000014242,460474,2,2,395885 | 396585,Comolle 1 | Montmain 2,249399,249399,"Apamea remissa (Hübner, 1809)","Apamea remissa (Hübner, 1809)",species,Noctuidae,Lepidoptera,Accepted,,Exact,,https://inpn.mnhn.fr/espece/cd_nom/249399
Apamea scolopacina,Apamea scolopacina,Apamea scolopacina,Apamea,Noctuidae,Xyleninae,Species,"(ESPER, 1788)",EBMSM0000000014262,EBMSM0000000014262,460494,2,2,396585 | 396714,Montmain 2 | Piège 1 - boisement feuillus jeunes - Sauvagney,249405,249405,"Apamea scolopacina (Esper, 1788)","Apamea scolopacina (Esper, 1788)",species,Noctuidae,Lepidoptera,Accepted,,Exact,,https://inpn.mnhn.fr/espece/cd_nom/249405
Apamea sublustris,Apamea sublustris,Apamea sublustris,Apamea,Noctuidae,Xyleninae,Species,"(ESPER, 1788)",EBMSM0000000014275,EBMSM0000000014275,460507,2,2,395447 | 395767,Sur Mancy (Macornay) | ZA 1 Oeufs,249388,249388,"Apamea sublustris (Esper, 1788)","Apamea sublustris (Esper, 1788)",species,Noctuidae,Lepidoptera,Accepted,,Exact,,https://inpn.mnhn.fr/espece/cd_nom/249388
Apamea unanimis,Apamea unanimis,Apamea unanimis,Apamea,Noctuidae,Xyleninae,Species,"(HÜBNER, [1809-1813])",EBMSM0000000014259,EBMSM0000000014259,460491,3,3,396584 | 396715 | 397630,Montmain 1 | Piège 2 - boisement feuillus - Sauvagney | Maire 2,249400,249400,"Apamea unanimis (Hübner, 1813)","Apamea unanimis (Hübner, 1813)",species,Noctuidae,Lepidoptera,Accepted,,Exact,,https://inpn.mnhn.fr/espece/cd_nom/249400
Aporophyla lueneburgensis,Aporophyla lueneburgensis,Aporophyla lueneburgensis,Aporophyla,Noctuidae,Xyleninae,Species,"(FREYER, 1848)",EBMSM0000000014053,EBMSM0000000014053,460285,2,2,395812 | 395878,La Truchère_dunes_boite_oeuf | Piège 1 - boisement feuillus jeunes - Sauvagney,249641,249641,"Aporophyla lueneburgensis (Freyer, 1848)","Aporophyla lueneburgensis (Freyer, 1848)",species,Noctuidae,Lepidoptera,Accepted,,Exact,,https://inpn.mnhn.fr/espece/cd_nom/249641
Archanara dissoluta,Archanara dissoluta,Archanara dissoluta,Archanara,Noctuidae,Xyleninae,Species,"(TREITSCHKE, 1825)",EBMSM0000000014211,EBMSM0000000014211,460443,1,1,395813,La Truchère_tourbière,249382,249382,"Archanara dissoluta (Treitschke, 1825)","Archanara dissoluta (Treitschke, 1825)",species,Noctuidae,Lepidoptera,Accepted,,Exact,,https://inpn.mnhn.fr/espece/cd_nom/249382
Arenostola phragmitidis,Arenostola phragmitidis,Arenostola phragmitidis,Arenostola,Noctuidae,Xyleninae,Species,"(HÜBNER, [1800-1803])",EBMSM0000000014201,EBMSM0000000014201,460433,2,1,395764,Voutenay_Thalsansoeufs02,249379,249379,"Arenostola phragmitidis (Hübner, 1803)","Arenostola phragmitidis (Hübner, 1803)",species,Noctuidae,Lepidoptera,Accepted,,Exact,,https://inpn.mnhn.fr/espece/cd_nom/249379
Atethmia centrago,Atethmia centrago,Atethmia centrago,Atethmia,Noctuidae,Xyleninae,Species,"(HAWORTH, [1809])",EBMSM0000000013874,EBMSM0000000013874,460106,1,1,395764,Voutenay_Thalsansoeufs02,249639,249639,"Atethmia centrago (Haworth, 1809)","Atethmia centrago (Haworth, 1809)",species,Noctuidae,Lepidoptera,Accepted,,Exact,,https://inpn.mnhn.fr/espece/cd_nom/249639
Athetis hospes,Athetis hospes,Athetis hospes,Athetis,Noctuidae,Xyleninae,Species,"(FREYER, [1831])",EBMSM0000000013803,EBMSM0000000013803,460035,1,1,395447,Sur Mancy (Macornay),721028,249509,"Athetis hospes (Freyer, 1831)","Proxenus hospes (Freyer, 1831)",species,Noctuidae,Lepidoptera,Synonym,,Exact,,https://inpn.mnhn.fr/espece/cd_nom/721028
Autographa gamma,Autographa gamma,Autographa gamma,Autographa,Noctuidae,Plusiinae,Species,"(LINNAEUS, 1758)",EBMSM0000000013278,EBMSM0000000013278,459510,2,2,395885 | 396022,Comolle 1 | Remoray forêt2 oeufs,249151,249151,"Autographa gamma (Linnaeus, 1758)","Autographa gamma (Linnaeus, 1758)",species,Noctuidae,Lepidoptera,Accepted,,Exact,,https://inpn.mnhn.fr/espece/cd_nom/249151
Axylia putris,Axylia putris,Axylia putris,Axylia,Noctuidae,Noctuinae,Species,"(LINNAEUS, 1761)",EBMSM0000000014805,EBMSM0000000014805,461037,5,4,395447 | 396714 | 396715 | 397629,Sur Mancy (Macornay) | Piège 1 - boisement feuillus jeunes - Sauvagney | Piège 2 - boisement feuillus - Sauvagney | Maire 1,249288,249288,"Axylia putris (Linnaeus, 1761)","Axylia putris (Linnaeus, 1761)",species,Noctuidae,Lepidoptera,Accepted,,Exact,,https://inpn.mnhn.fr/espece/cd_nom/249288
Brachylomia viminalis,Brachylomia viminalis,Brachylomia viminalis,Brachylomia,Noctuidae,Xyleninae,Species,"(FABRICIUS, [1777])",EBMSM0000000013958,EBMSM0000000013958,460190,3,3,396022 | 396584 | 396800,Remoray forêt2 oeufs | Montmain 1 | Bure - Oeuf,249638,249638,"Brachylomia viminalis (Fabricius, 1777)","Brachylomia viminalis (Fabricius, 1777)",species,Noctuidae,Lepidoptera,Accepted,,Exact,,https://inpn.mnhn.fr/espece/cd_nom/249638
Bryophila,Bryophila,Bryophila,Bryophila,Noctuidae,Bryophilinae,Genus,,EBMSM0000000002175,EBMSM0000000002175,448407,1,1,399051,Solanetta_rnn_mantet,719621,719621,"Bryophila Treitschke, 1825","Bryophila Treitschke, 1825",genus,Noctuidae,Lepidoptera,Accepted,,Exact,,https://inpn.mnhn.fr/espece/cd_nom/719621
Bryophila domestica,Bryophila domestica,Bryophila domestica,Bryophila,Noctuidae,Bryophilinae,Species,"(HUFNAGEL, 1766)",EBMSM0000000013698,EBMSM0000000013698,459930,1,1,399051,Solanetta_rnn_mantet,719622,719622,"Bryophila domestica (Hufnagel, 1766)","Bryophila domestica (Hufnagel, 1766)",species,Noctuidae,Lepidoptera,Accepted,,Exact,,https://inpn.mnhn.fr/espece/cd_nom/719622
Calamia tridens,Calamia tridens,Calamia tridens,Calamia,Noctuidae,Xyleninae,Species,"(HUFNAGEL, 1766)",EBMSM0000000014134,EBMSM0000000014134,460366,3,2,395885 | 399051,Comolle 1 | Solanetta_rnn_mantet,249378,249378,"Calamia tridens (Hufnagel, 1766)","Calamia tridens (Hufnagel, 1766)",species,Noctuidae,Lepidoptera,Accepted,,Exact,,https://inpn.mnhn.fr/espece/cd_nom/249378
Calliergis ramosa,Calliergis ramosa,Calliergis ramosa,Calliergis,Noctuidae,Oncocnemidinae,Species,"(ESPER, [1786])",EBMSM0000000013528,EBMSM0000000013528,459760,2,2,395441 | 395447,côte de Mancy (Lons-le-Saunier) | Sur Mancy (Macornay),249738,249738,"Calliergis ramosa (Esper, 1786)","Calliergis ramosa (Esper, 1786)",species,Noctuidae,Lepidoptera,Accepted,,Exact,,https://inpn.mnhn.fr/espece/cd_nom/249738
Callopistria juventina,Callopistria juventina,Callopistria juventina,Callopistria,Noctuidae,Eriopinae,Species,"(STOLL, [1782])",EBMSM0000000013660,EBMSM0000000013660,459892,1,1,395447,Sur Mancy (Macornay),249537,249537,"Callopistria juventina (Stoll in Cramer, 1782)","Callopistria juventina (Stoll in Cramer, 1782)",species,Noctuidae,Lepidoptera,Accepted,,Exact,,https://inpn.mnhn.fr/espece/cd_nom/249537
Callopistria latreillei,Callopistria latreillei,Callopistria latreillei,Callopistria,Noctuidae,Eriopinae,Species,"(DUPONCHEL, [1828])",EBMSM0000000013662,EBMSM0000000013662,459894,1,1,395441,côte de Mancy (Lons-le-Saunier),458109,458109,"Callopistria latreillei (Duponchel, 1828)","Callopistria latreillei (Duponchel, 1828)",species,Noctuidae,Lepidoptera,Accepted,,Exact,,https://inpn.mnhn.fr/espece/cd_nom/458109
Caradrina,Caradrina,Caradrina,Caradrina,Noctuidae,Xyleninae,Genus,,EBMSM0000000002182,EBMSM0000000002182,448414,2,2,395441 | 399055,côte de Mancy (Lons-le-Saunier) | Sous_col_mantet,210882,210882,"Caradrina Ochsenheimer, 1816","Caradrina Ochsenheimer, 1816",genus,Noctuidae,Lepidoptera,Accepted,,Exact,,https://inpn.mnhn.fr/espece/cd_nom/210882
Caradrina clavipalpis,Caradrina clavipalpis,Caradrina clavipalpis,Caradrina,Noctuidae,Xyleninae,Species,"(SCOPOLI, 1763)",EBMSM0000000013770,EBMSM0000000013770,460002,2,2,399051 | 399055,Solanetta_rnn_mantet | Sous_col_mantet,520887,520887,"Caradrina clavipalpis (Scopoli, 1763)","Caradrina clavipalpis (Scopoli, 1763)",species,Noctuidae,Lepidoptera,Accepted,,Exact,,https://inpn.mnhn.fr/espece/cd_nom/520887
Caradrina kadenii,Caradrina kadenii,Caradrina kadenii,Caradrina,Noctuidae,Xyleninae,Species,"FREYER, [1836]",EBMSM0000000013731,EBMSM0000000013731,459963,2,2,395764 | 396585,Voutenay_Thalsansoeufs02 | Montmain 2,781884,781884,"Caradrina kadenii Freyer, 1836","Caradrina kadenii Freyer, 1836",species,Noctuidae,Lepidoptera,Accepted,,Exact,,https://inpn.mnhn.fr/espece/cd_nom/781884
Caradrina morpheus,Caradrina morpheus,Caradrina morpheus,Caradrina,Noctuidae,Xyleninae,Species,"(HUFNAGEL, 1766)",EBMSM0000000013726,EBMSM0000000013726,459958,1,1,395886,Comolle 2,249433,249433,"Caradrina morpheus (Hufnagel, 1766)","Caradrina morpheus (Hufnagel, 1766)",species,Noctuidae,Lepidoptera,Accepted,,Exact,,https://inpn.mnhn.fr/espece/cd_nom/249433
Caradrina selini,Caradrina selini,Caradrina selini,Caradrina,Noctuidae,Xyleninae,Species,"BOISDUVAL, 1840",EBMSM0000000013756,EBMSM0000000013756,459988,2,2,395441 | 399051,côte de Mancy (Lons-le-Saunier) | Solanetta_rnn_mantet,781882,781882,"Caradrina selini Boisduval, 1840","Caradrina selini Boisduval, 1840",species,Noctuidae,Lepidoptera,Accepted,,Exact,,https://inpn.mnhn.fr/espece/cd_nom/781882
Ceramica pisi,Ceramica pisi,Ceramica pisi,Ceramica,Noctuidae,Hadeninae,Species,"(LINNAEUS, 1758)",EBMSM0000000014444,EBMSM0000000014444,460676,3,3,394742 | 395763 | 395885,Vernay 1 | Remoray Zh1 ouef | Comolle 1,249499,249499,"Ceramica pisi (Linnaeus, 1758)","Ceramica pisi (Linnaeus, 1758)",species,Noctuidae,Lepidoptera,Accepted,,Exact,,https://inpn.mnhn.fr/espece/cd_nom/249499
Cerapteryx graminis,Cerapteryx graminis,Cerapteryx graminis,Cerapteryx,Noctuidae,Hadeninae,Species,"(LINNAEUS, 1758)",EBMSM0000000014370,EBMSM0000000014370,460602,1,1,395725,Voutenay_ThalOeufs,249498,249498,"Cerapteryx graminis (Linnaeus, 1758)","Cerapteryx graminis (Linnaeus, 1758)",species,Noctuidae,Lepidoptera,Accepted,,Exact,,https://inpn.mnhn.fr/espece/cd_nom/249498
Cerastis faceta,Cerastis faceta,Cerastis faceta,Cerastis,Noctuidae,Noctuinae,Species,"(TREITSCHKE, 1835)",EBMSM0000000015007,EBMSM0000000015007,461239,2,2,395764 | 399055,Voutenay_Thalsansoeufs02 | Sous_col_mantet,249287,249287,"Cerastis faceta (Treitschke, 1835)","Cerastis faceta (Treitschke, 1835)",species,Noctuidae,Lepidoptera,Accepted,,Exact,,https://inpn.mnhn.fr/espece/cd_nom/249287
Cerastis rubricosa,Cerastis rubricosa,Cerastis rubricosa,Cerastis,Noctuidae,Noctuinae,Species,"([DENIS & SCHIFFERMÜLLER], 1775)",EBMSM0000000015005,EBMSM0000000015005,461237,3,3,395725 | 396022 | 398134,Voutenay_ThalOeufs | Remoray forêt2 oeufs | THALERA_EYNE_2_boite_oeuf,249285,249285,"Cerastis rubricosa (Denis & Schiffermüller, 1775)","Cerastis rubricosa (Denis & Schiffermüller, 1775)",species,Noctuidae,Lepidoptera,Accepted,,Exact,,https://inpn.mnhn.fr/espece/cd_nom/249285
Charanyca trigrammica,Charanyca trigrammica,Charanyca trigrammica,Charanyca,Noctuidae,Xyleninae,Species,"(HUFNAGEL, 1766)",EBMSM0000000013791,EBMSM0000000013791,460023,27,20,395441 | 395447 | 395725 | 395764 | 395767 | 395768 | 395812 | 395813 | 395885 | 395886 | 396020 | 396414 | 396416 | 396584 | 396712 | 396795 | 396800 | 397620 | 397624 | 397629,côte de Mancy (Lons-le-Saunier) | Sur Mancy (Macornay) | Voutenay_ThalOeufs | Voutenay_Thalsansoeufs02 | ZA 1 Oeufs | ZA 2 vide | La Truchère_dunes_boite_oeuf | La Truchère_tourbière | Comolle 1 | Comolle 2 | Remoray forêt1 vide | Varennes 1 | Varennes 2 | Montmain 1 | Piège 2 - aulnaie - marais de Saône | Bure - sans-oeuf | Bure - Oeuf | Mesves_IDB1 | Mesves_IDB2 | Maire 1,249432,249432,"Charanyca trigrammica (Hufnagel, 1766)","Charanyca trigrammica (Hufnagel, 1766)",species,Noctuidae,Lepidoptera,Accepted,,Exact,,https://inpn.mnhn.fr/espece/cd_nom/249432
Chersotis,Chersotis,Chersotis,Chersotis,Noctuidae,Noctuinae,Genus,,EBMSM0000000002349,EBMSM0000000002349,448581,1,1,399051,Solanetta_rnn_mantet,210906,210906,"Chersotis Boisduval, 1840","Chersotis Boisduval, 1840",genus,Noctuidae,Lepidoptera,Accepted,,Exact,,https://inpn.mnhn.fr/espece/cd_nom/210906
Chersotis multangula,Chersotis multangula,Chersotis multangula,Chersotis,Noctuidae,Noctuinae,Species,"(HÜBNER, [1803])",EBMSM0000000014843,EBMSM0000000014843,461075,1,1,399051,Solanetta_rnn_mantet,249277,249277,"Chersotis multangula (Hübner, 1803)","Chersotis multangula (Hübner, 1803)",species,Noctuidae,Lepidoptera,Accepted,,Exact,,https://inpn.mnhn.fr/espece/cd_nom/249277
Coenobia rufa,Coenobia rufa,Coenobia rufa,Coenobia,Noctuidae,Xyleninae,Species,"(HAWORTH, [1809])",EBMSM0000000014213,EBMSM0000000014213,460445,1,1,396795,Bure - sans-oeuf,249361,249361,"Coenobia rufa (Haworth, 1809)","Coenobia rufa (Haworth, 1809)",species,Noctuidae,Lepidoptera,Accepted,,Exact,,https://inpn.mnhn.fr/espece/cd_nom/249361
Colocasia coryli,Colocasia coryli,Colocasia coryli,Colocasia,Noctuidae,Pantheinae,Species,"(LINNAEUS, 1758)",EBMSM0000000013348,EBMSM0000000013348,459580,23,16,394742 | 395725 | 395763 | 395768 | 395877 | 395878 | 396020 | 396022 | 396584 | 396585 | 396712 | 396714 | 396715 | 397624 | 397629 | 397630,Vernay 1 | Voutenay_ThalOeufs | Remoray Zh1 ouef | ZA 2 vide | Piège 2 - boisement feuillus - Sauvagney | Piège 1 - boisement feuillus jeunes - Sauvagney | Remoray forêt1 vide | Remoray forêt2 oeufs | Montmain 1 | Montmain 2 | Piège 2 - aulnaie - marais de Saône | Piège 1 - boisement feuillus jeunes - Sauvagney | Piège 2 - boisement feuillus - Sauvagney | Mesves_IDB2 | Maire 1 | Maire 2,249161,249161,"Colocasia coryli (Linnaeus, 1758)","Colocasia coryli (Linnaeus, 1758)",species,Noctuidae,Lepidoptera,Accepted,,Exact,,https://inpn.mnhn.fr/espece/cd_nom/249161
Conistra vaccinii,Conistra vaccinii,Conistra vaccinii,Conistra,Noctuidae,Xyleninae,Species,"(LINNAEUS, 1761)",EBMSM0000000013934,EBMSM0000000013934,460166,2,2,395812 | 397620,La Truchère_dunes_boite_oeuf | Mesves_IDB1,249626,249626,"Conistra vaccinii (Linnaeus, 1761)","Conistra vaccinii (Linnaeus, 1761)",species,Noctuidae,Lepidoptera,Accepted,,Exact,,https://inpn.mnhn.fr/espece/cd_nom/249626
Cosmia affinis,Cosmia affinis,Cosmia affinis,Cosmia,Noctuidae,Xyleninae,Species,"(LINNAEUS, 1767)",EBMSM0000000013861,EBMSM0000000013861,460093,4,4,396715 | 396795 | 396800 | 397624,Piège 2 - boisement feuillus - Sauvagney | Bure - sans-oeuf | Bure - Oeuf | Mesves_IDB2,249532,249532,"Cosmia affinis (Linnaeus, 1767)","Cosmia affinis (Linnaeus, 1767)",species,Noctuidae,Lepidoptera,Accepted,,Exact,,https://inpn.mnhn.fr/espece/cd_nom/249532
Cosmia diffinis,Cosmia diffinis,Cosmia diffinis,Cosmia,Noctuidae,Xyleninae,Species,"(LINNAEUS, 1767)",EBMSM0000000013859,EBMSM0000000013859,460091,1,1,397624,Mesves_IDB2,249531,249531,"Cosmia diffinis (Linnaeus, 1767)","Cosmia diffinis (Linnaeus, 1767)",species,Noctuidae,Lepidoptera,Accepted,,Exact,,https://inpn.mnhn.fr/espece/cd_nom/249531
Cosmia pyralina,Cosmia pyralina,Cosmia pyralina,Cosmia,Noctuidae,Xyleninae,Species,"([DENIS & SCHIFFERMÜLLER], 1775)",EBMSM0000000013866,EBMSM0000000013866,460098,3,3,395812 | 396416 | 396800,La Truchère_dunes_boite_oeuf | Varennes 2 | Bure - Oeuf,249533,249533,"Cosmia pyralina (Denis & Schiffermüller, 1775)","Cosmia pyralina (Denis & Schiffermüller, 1775)",species,Noctuidae,Lepidoptera,Accepted,,Exact,,https://inpn.mnhn.fr/espece/cd_nom/249533
Cosmia trapezina,Cosmia trapezina,Cosmia trapezina,Cosmia,Noctuidae,Xyleninae,Species,"(LINNAEUS, 1758)",EBMSM0000000013863,EBMSM0000000013863,460095,26,18,395725 | 395812 | 395813 | 395877 | 395878 | 395885 | 395886 | 396022 | 396584 | 396585 | 396712 | 396714 | 396715 | 396795 | 396800 | 397624 | 397629 | 397630,Voutenay_ThalOeufs | La Truchère_dunes_boite_oeuf | La Truchère_tourbière | Piège 2 - boisement feuillus - Sauvagney | Piège 1 - boisement feuillus jeunes - Sauvagney | Comolle 1 | Comolle 2 | Remoray forêt2 oeufs | Montmain 1 | Montmain 2 | Piège 2 - aulnaie - marais de Saône | Piège 1 - boisement feuillus jeunes - Sauvagney | Piège 2 - boisement feuillus - Sauvagney | Bure - sans-oeuf | Bure - Oeuf | Mesves_IDB2 | Maire 1 | Maire 2,249534,249534,"Cosmia trapezina (Linnaeus, 1758)","Cosmia trapezina (Linnaeus, 1758)",species,Noctuidae,Lepidoptera,Accepted,,Exact,,https://inpn.mnhn.fr/espece/cd_nom/249534
Craniophora ligustri,Craniophora ligustri,Craniophora ligustri,Craniophora,Noctuidae,Acronictinae,Species,"([DENIS & SCHIFFERMÜLLER], 1775)",EBMSM0000000013353,EBMSM0000000013353,459585,3,3,395447 | 396712 | 397624,Sur Mancy (Macornay) | Piège 2 - aulnaie - marais de Saône | Mesves_IDB2,249815,249815,"Craniophora ligustri (Denis & Schiffermüller, 1775)","Craniophora ligustri (Denis & Schiffermüller, 1775)",species,Noctuidae,Lepidoptera,Accepted,,Exact,,https://inpn.mnhn.fr/espece/cd_nom/249815
Cryphia algae,Cryphia algae,Cryphia algae,Cryphia,Noctuidae,Bryophilinae,Species,"(FABRICIUS, 1775)",EBMSM0000000013672,EBMSM0000000013672,459904,6,6,395441 | 395812 | 396584 | 396714 | 396715 | 397624,côte de Mancy (Lons-le-Saunier) | La Truchère_dunes_boite_oeuf | Montmain 1 | Piège 1 - boisement feuillus jeunes - Sauvagney | Piège 2 - boisement feuillus - Sauvagney | Mesves_IDB2,249787,249787,"Cryphia algae (Fabricius, 1775)","Cryphia algae (Fabricius, 1775)",species,Noctuidae,Lepidoptera,Accepted,,Exact,,https://inpn.mnhn.fr/espece/cd_nom/249787
Deltote bankiana,Deltote bankiana,Deltote bankiana,Deltote,Noctuidae,Eustrotiinae,Species,"(FABRICIUS, 1775)",EBMSM0000000013318,EBMSM0000000013318,459550,1,1,395812,La Truchère_dunes_boite_oeuf,249670,249670,"Deltote bankiana (Fabricius, 1775)","Deltote bankiana (Fabricius, 1775)",species,Noctuidae,Lepidoptera,Accepted,,Exact,,https://inpn.mnhn.fr/espece/cd_nom/249670
Deltote pygarga,Deltote pygarga,Deltote pygarga,Deltote,Noctuidae,Eustrotiinae,Species,"(HUFNAGEL, 1766)",EBMSM0000000013312,EBMSM0000000013312,459544,14,11,395812 | 395813 | 395878 | 396022 | 396584 | 396585 | 396714 | 396715 | 396800 | 397629 | 397630,La Truchère_dunes_boite_oeuf | La Truchère_tourbière | Piège 1 - boisement feuillus jeunes - Sauvagney | Remoray forêt2 oeufs | Montmain 1 | Montmain 2 | Piège 1 - boisement feuillus jeunes - Sauvagney | Piège 2 - boisement feuillus - Sauvagney | Bure - Oeuf | Maire 1 | Maire 2,781863,781863,"Deltote pygarga (Hufnagel, 1766)","Deltote pygarga (Hufnagel, 1766)",species,Noctuidae,Lepidoptera,Accepted,,Exact,,https://inpn.mnhn.fr/espece/cd_nom/781863
Denticucullus pygmina,Denticucullus pygmina,Denticucullus pygmina,Denticucullus,Noctuidae,Xyleninae,Species,"(HAWORTH, [1809])",EBMSM0000000014218,EBMSM0000000014218,460450,2,2,396710 | 396712,Piège 1 - cariçaie - marais de Saône | Piège 2 - aulnaie - marais de Saône,781908,781908,"Denticucullus pygmina (Haworth, 1809)","Denticucullus pygmina (Haworth, 1809)",species,Noctuidae,Lepidoptera,Accepted,,Exact,,https://inpn.mnhn.fr/espece/cd_nom/781908
Diarsia mendica,Diarsia mendica,Diarsia mendica,Diarsia,Noctuidae,Noctuinae,Species,"(FABRICIUS, 1775)",EBMSM0000000014918,EBMSM0000000014918,461150,5,5,395763 | 395767 | 395768 | 396020 | 396022,Remoray Zh1 ouef | ZA 1 Oeufs | ZA 2 vide | Remoray forêt1 vide | Remoray forêt2 oeufs,249265,249265,"Diarsia mendica (Fabricius, 1775)","Diarsia mendica (Fabricius, 1775)",species,Noctuidae,Lepidoptera,Accepted,,Exact,,https://inpn.mnhn.fr/espece/cd_nom/249265
Diarsia rubi,Diarsia rubi,Diarsia rubi,Diarsia,Noctuidae,Noctuinae,Species,"(VIEWEG, 1790)",EBMSM0000000014920,EBMSM0000000014920,461152,3,3,395767 | 396020 | 396712,ZA 1 Oeufs | Remoray forêt1 vide | Piège 2 - aulnaie - marais de Saône,249269,249269,"Diarsia rubi (Vieweg, 1790)","Diarsia rubi (Vieweg, 1790)",species,Noctuidae,Lepidoptera,Accepted,,Exact,,https://inpn.mnhn.fr/espece/cd_nom/249269
Dicycla oo,Dicycla oo,Dicycla oo,Dicycla,Noctuidae,Xyleninae,Species,"(LINNAEUS, 1758)",EBMSM0000000013869,EBMSM0000000013869,460101,3,3,395725 | 395764 | 396416,Voutenay_ThalOeufs | Voutenay_Thalsansoeufs02 | Varennes 2,249529,249529,"Dicycla oo (Linnaeus, 1758)","Dicycla oo (Linnaeus, 1758)",species,Noctuidae,Lepidoptera,Accepted,,Exact,,https://inpn.mnhn.fr/espece/cd_nom/249529
Dypterygia scabriuscula,Dypterygia scabriuscula,Dypterygia scabriuscula,Dypterygia,Noctuidae,Xyleninae,Species,"(LINNAEUS, 1758)",EBMSM0000000013805,EBMSM0000000013805,460037,16,12,394742 | 395764 | 395813 | 395885 | 395886 | 396414 | 396584 | 396795 | 396800 | 397620 | 397624 | 397630,Vernay 1 | Voutenay_Thalsansoeufs02 | La Truchère_tourbière | Comolle 1 | Comolle 2 | Varennes 1 | Montmain 1 | Bure - sans-oeuf | Bure - Oeuf | Mesves_IDB1 | Mesves_IDB2 | Maire 2,249528,249528,"Dypterygia scabriuscula (Linnaeus, 1758)","Dypterygia scabriuscula (Linnaeus, 1758)",species,Noctuidae,Lepidoptera,Accepted,,Exact,,https://inpn.mnhn.fr/espece/cd_nom/249528
Egira conspicillaris,Egira conspicillaris,Egira conspicillaris,Egira,Noctuidae,Hadeninae,Species,"(LINNAEUS, 1758)",EBMSM0000000014365,EBMSM0000000014365,460597,6,5,395441 | 395447 | 395725 | 395764 | 397631,côte de Mancy (Lons-le-Saunier) | Sur Mancy (Macornay) | Voutenay_ThalOeufs | Voutenay_Thalsansoeufs02 | Vernay 2,249582,249582,"Egira conspicillaris (Linnaeus, 1758)","Egira conspicillaris (Linnaeus, 1758)",species,Noctuidae,Lepidoptera,Accepted,,Exact,,https://inpn.mnhn.fr/espece/cd_nom/249582
Epilecta linogrisea,Epilecta linogrisea,Epilecta linogrisea,Epilecta,Noctuidae,Noctuinae,Species,"([DENIS & SCHIFFERMÜLLER], 1775)",EBMSM0000000014886,EBMSM0000000014886,461118,2,2,395885 | 399051,Comolle 1 | Solanetta_rnn_mantet,249264,249264,"Epilecta linogrisea (Denis & Schiffermüller, 1775)","Epilecta linogrisea (Denis & Schiffermüller, 1775)",species,Noctuidae,Lepidoptera,Accepted,,Exact,,https://inpn.mnhn.fr/espece/cd_nom/249264
Euplexia lucipara,Euplexia lucipara,Euplexia lucipara,Euplexia,Noctuidae,Xyleninae,Species,"(LINNAEUS, 1758)",EBMSM0000000013839,EBMSM0000000013839,460071,2,2,395813 | 395877,La Truchère_tourbière | Piège 2 - boisement feuillus - Sauvagney,249525,249525,"Euplexia lucipara (Linnaeus, 1758)","Euplexia lucipara (Linnaeus, 1758)",species,Noctuidae,Lepidoptera,Accepted,,Exact,,https://inpn.mnhn.fr/espece/cd_nom/249525
Euxoa cursoria,Euxoa cursoria,Euxoa cursoria,Euxoa,Noctuidae,Noctuinae,Species,"(HUFNAGEL, 1766)",EBMSM0000000014632,EBMSM0000000014632,460864,1,1,399055,Sous_col_mantet,249181,249181,"Euxoa cursoria (Hufnagel, 1766)","Euxoa cursoria (Hufnagel, 1766)",species,Noctuidae,Lepidoptera,Accepted,,Exact,,https://inpn.mnhn.fr/espece/cd_nom/249181
Euxoa nigricans,Euxoa nigricans,Euxoa nigricans,Euxoa,Noctuidae,Noctuinae,Species,"(LINNAEUS, 1761)",EBMSM0000000014656,EBMSM0000000014656,460888,1,1,399051,Solanetta_rnn_mantet,249175,249175,"Euxoa nigricans (Linnaeus, 1761)","Euxoa nigricans (Linnaeus, 1761)",species,Noctuidae,Lepidoptera,Accepted,,Exact,,https://inpn.mnhn.fr/espece/cd_nom/249175
Gortyna,Gortyna,Gortyna,Gortyna,Noctuidae,Xyleninae,Genus,,EBMSM0000000002264,EBMSM0000000002264,448496,1,1,399055,Sous_col_mantet,211175,211175,"Gortyna Ochsenheimer, 1816","Gortyna Ochsenheimer, 1816",genus,Noctuidae,Lepidoptera,Accepted,,Exact,,https://inpn.mnhn.fr/espece/cd_nom/211175
Gortyna flavago,Gortyna flavago,Gortyna flavago,Gortyna,Noctuidae,Xyleninae,Species,"([DENIS & SCHIFFERMÜLLER], 1775)",EBMSM0000000014147,EBMSM0000000014147,460379,1,1,394742,Vernay 1,249354,249354,"Gortyna flavago (Denis & Schiffermüller, 1775)","Gortyna flavago (Denis & Schiffermüller, 1775)",species,Noctuidae,Lepidoptera,Accepted,,Exact,,https://inpn.mnhn.fr/espece/cd_nom/249354
Graphiphora augur,Graphiphora augur,Graphiphora augur,Graphiphora,Noctuidae,Noctuinae,Species,"(FABRICIUS, 1775)",EBMSM0000000014898,EBMSM0000000014898,461130,1,1,395767,ZA 1 Oeufs,249259,249259,"Graphiphora augur (Fabricius, 1775)","Graphiphora augur (Fabricius, 1775)",species,Noctuidae,Lepidoptera,Accepted,,Exact,,https://inpn.mnhn.fr/espece/cd_nom/249259
Hada plebeja,Hada plebeja,Hada plebeja,Hada,Noctuidae,Hadeninae,Species,"(LINNAEUS, 1761)",EBMSM0000000014448,EBMSM0000000014448,460680,9,6,395763 | 395767 | 395886 | 397629 | 398133 | 398134,Remoray Zh1 ouef | ZA 1 Oeufs | Comolle 2 | Maire 1 | THALERA_EYNE_1_sans_boite | THALERA_EYNE_2_boite_oeuf,249493,249493,"Hada plebeja (Linnaeus, 1761)","Hada plebeja (Linnaeus, 1761)",species,Noctuidae,Lepidoptera,Accepted,,Exact,,https://inpn.mnhn.fr/espece/cd_nom/249493
Hadena albimacula,Hadena albimacula,Hadena albimacula,Hadena,Noctuidae,Hadeninae,Species,"(BORKHAUSEN, 1792)",EBMSM0000000014509,EBMSM0000000014509,460741,1,1,399055,Sous_col_mantet,249481,249481,"Hadena albimacula (Borkhausen, 1792)","Hadena albimacula (Borkhausen, 1792)",species,Noctuidae,Lepidoptera,Accepted,,Exact,,https://inpn.mnhn.fr/espece/cd_nom/249481
Hadena compta,Hadena compta,Hadena compta,Hadena,Noctuidae,Hadeninae,Species,"([DENIS & SCHIFFERMÜLLER], 1775)",EBMSM0000000014502,EBMSM0000000014502,460734,1,1,399051,Solanetta_rnn_mantet,249478,249478,"Hadena compta (Denis & Schiffermüller, 1775)","Hadena compta (Denis & Schiffermüller, 1775)",species,Noctuidae,Lepidoptera,Accepted,,Exact,,https://inpn.mnhn.fr/espece/cd_nom/249478
Hadena perplexa,Hadena perplexa,Hadena perplexa,Hadena,Noctuidae,Hadeninae,Species,"([DENIS & SCHIFFERMÜLLER], 1775)",EBMSM0000000014528,EBMSM0000000014528,460760,4,2,398133 | 398134,THALERA_EYNE_1_sans_boite | THALERA_EYNE_2_boite_oeuf,249487,249487,"Hadena perplexa (Denis & Schiffermüller, 1775)","Hadena perplexa (Denis & Schiffermüller, 1775)",species,Noctuidae,Lepidoptera,Accepted,,Exact,,https://inpn.mnhn.fr/espece/cd_nom/249487
Hecatera weissi,Hecatera weissi,Hecatera weissi,Hecatera,Noctuidae,Hadeninae,Species,"(DRAUDT, 1934)",EBMSM0000000014486,EBMSM0000000014486,460718,1,1,399055,Sous_col_mantet,345844,345844,"Hecatera weissi (Draudt, 1934)","Hecatera weissi (Draudt, 1934)",species,Noctuidae,Lepidoptera,Accepted,,Exact,,https://inpn.mnhn.fr/espece/cd_nom/345844
Heliothis peltigera,Heliothis peltigera,Heliothis peltigera,Heliothis,Noctuidae,Heliothinae,Species,"([DENIS & SCHIFFERMÜLLER], 1775)",EBMSM0000000013637,EBMSM0000000013637,459869,1,1,395768,ZA 2 vide,249323,249323,"Heliothis peltigera (Denis & Schiffermüller, 1775)","Heliothis peltigera (Denis & Schiffermüller, 1775)",species,Noctuidae,Lepidoptera,Accepted,,Exact,,https://inpn.mnhn.fr/espece/cd_nom/249323
Heliothis viriplaca,Heliothis viriplaca,Heliothis viriplaca,Heliothis,Noctuidae,Heliothinae,Species,"(HUFNAGEL, 1766)",EBMSM0000000013641,EBMSM0000000013641,459873,1,1,395447,Sur Mancy (Macornay),249320,249320,"Heliothis viriplaca (Hufnagel, 1766)","Heliothis viriplaca (Hufnagel, 1766)",species,Noctuidae,Lepidoptera,Accepted,,Exact,,https://inpn.mnhn.fr/espece/cd_nom/249320
Hoplodrina ambigua,Hoplodrina ambigua,Hoplodrina ambigua,Hoplodrina,Noctuidae,Xyleninae,Species,"([DENIS & SCHIFFERMÜLLER], 1775)",EBMSM0000000013783,EBMSM0000000013783,460015,21,17,395441 | 395447 | 395764 | 395885 | 395886 | 396022 | 396414 | 396416 | 396584 | 396585 | 396712 | 396714 | 396715 | 396795 | 396800 | 397630 | 397631,côte de Mancy (Lons-le-Saunier) | Sur Mancy (Macornay) | Voutenay_Thalsansoeufs02 | Comolle 1 | Comolle 2 | Remoray forêt2 oeufs | Varennes 1 | Varennes 2 | Montmain 1 | Montmain 2 | Piège 2 - aulnaie - marais de Saône | Piège 1 - boisement feuillus jeunes - Sauvagney | Piège 2 - boisement feuillus - Sauvagney | Bure - sans-oeuf | Bure - Oeuf | Maire 2 | Vernay 2,249430,249430,"Hoplodrina ambigua (Denis & Schiffermüller, 1775)","Hoplodrina ambigua (Denis & Schiffermüller, 1775)",species,Noctuidae,Lepidoptera,Accepted,,Exact,,https://inpn.mnhn.fr/espece/cd_nom/249430
Hoplodrina blanda,Hoplodrina blanda,Hoplodrina blanda,Hoplodrina,Noctuidae,Xyleninae,Species,"([DENIS & SCHIFFERMÜLLER], 1775)",EBMSM0000000013776,EBMSM0000000013776,460008,4,4,396584 | 396585 | 396710 | 396800,Montmain 1 | Montmain 2 | Piège 1 - cariçaie - marais de Saône | Bure - Oeuf,249426,249426,"Hoplodrina blanda (Denis & Schiffermüller, 1775)","Hoplodrina blanda (Denis & Schiffermüller, 1775)",species,Noctuidae,Lepidoptera,Accepted,,Exact,,https://inpn.mnhn.fr/espece/cd_nom/249426
Hoplodrina octogenaria,Hoplodrina octogenaria,Hoplodrina octogenaria,Hoplodrina,Noctuidae,Xyleninae,Species,"(GOEZE, 1781)",EBMSM0000000013774,EBMSM0000000013774,460006,10,8,395441 | 395447 | 395886 | 396585 | 396714 | 397624 | 397629 | 399051,côte de Mancy (Lons-le-Saunier) | Sur Mancy (Macornay) | Comolle 2 | Montmain 2 | Piège 1 - boisement feuillus jeunes - Sauvagney | Mesves_IDB2 | Maire 1 | Solanetta_rnn_mantet,249425,249425,"Hoplodrina octogenaria (Goeze, 1781)","Hoplodrina octogenaria (Goeze, 1781)",species,Noctuidae,Lepidoptera,Accepted,,Exact,,https://inpn.mnhn.fr/espece/cd_nom/249425
Ipimorpha retusa,Ipimorpha retusa,Ipimorpha retusa,Ipimorpha,Noctuidae,Xyleninae,Species,"(LINNAEUS, 1761)",EBMSM0000000013852,EBMSM0000000013852,460084,3,3,395813 | 396710 | 396712,La Truchère_tourbière | Piège 1 - cariçaie - marais de Saône | Piège 2 - aulnaie - marais de Saône,249521,249521,"Ipimorpha retusa (Linnaeus, 1761)","Ipimorpha retusa (Linnaeus, 1761)",species,Noctuidae,Lepidoptera,Accepted,,Exact,,https://inpn.mnhn.fr/espece/cd_nom/249521
Ipimorpha subtusa,Ipimorpha subtusa,Ipimorpha subtusa,Ipimorpha,Noctuidae,Xyleninae,Species,"([DENIS & SCHIFFERMÜLLER], 1775)",EBMSM0000000013854,EBMSM0000000013854,460086,7,5,394742 | 395812 | 396710 | 396795 | 397624,Vernay 1 | La Truchère_dunes_boite_oeuf | Piège 1 - cariçaie - marais de Saône | Bure - sans-oeuf | Mesves_IDB2,249522,249522,"Ipimorpha subtusa (Denis & Schiffermüller, 1775)","Ipimorpha subtusa (Denis & Schiffermüller, 1775)",species,Noctuidae,Lepidoptera,Accepted,,Exact,,https://inpn.mnhn.fr/espece/cd_nom/249522
Lacanobia oleracea,Lacanobia oleracea,Lacanobia oleracea,Lacanobia,Noctuidae,Hadeninae,Species,"(LINNAEUS, 1758)",EBMSM0000000014432,EBMSM0000000014432,460664,1,1,396414,Varennes 1,249463,249463,"Lacanobia oleracea (Linnaeus, 1758)","Lacanobia oleracea (Linnaeus, 1758)",species,Noctuidae,Lepidoptera,Accepted,,Exact,,https://inpn.mnhn.fr/espece/cd_nom/249463
Lacanobia thalassina,Lacanobia thalassina,Lacanobia thalassina,Lacanobia,Noctuidae,Hadeninae,Species,"(HUFNAGEL, 1766)",EBMSM0000000014426,EBMSM0000000014426,460658,6,6,395763 | 396020 | 396022 | 396584 | 396712 | 397631,Remoray Zh1 ouef | Remoray forêt1 vide | Remoray forêt2 oeufs | Montmain 1 | Piège 2 - aulnaie - marais de Saône | Vernay 2,249460,249460,"Lacanobia thalassina (Hufnagel, 1766)","Lacanobia thalassina (Hufnagel, 1766)",species,Noctuidae,Lepidoptera,Accepted,,Exact,,https://inpn.mnhn.fr/espece/cd_nom/249460
Lacanobia w-latinum,Lacanobia w-latinum,Lacanobia w-latinum,Lacanobia,Noctuidae,Hadeninae,Species,"(HUFNAGEL, 1766)",EBMSM0000000014424,EBMSM0000000014424,460656,8,7,394742 | 395885 | 396414 | 396416 | 396795 | 396800 | 399055,Vernay 1 | Comolle 1 | Varennes 1 | Varennes 2 | Bure - sans-oeuf | Bure - Oeuf | Sous_col_mantet,249459,249459,"Lacanobia w-latinum (Hufnagel, 1766)","Lacanobia w-latinum (Hufnagel, 1766)",species,Noctuidae,Lepidoptera,Accepted,,Exact,,https://inpn.mnhn.fr/espece/cd_nom/249459
Lamprosticta culta,Lamprosticta culta,Lamprosticta culta,Lamprosticta,Noctuidae,Psaphidinae,Species,"([DENIS & SCHIFFERMÜLLER], 1775)",EBMSM0000000013611,EBMSM0000000013611,459843,1,1,395764,Voutenay_Thalsansoeufs02,249730,249730,"Lamprosticta culta (Denis & Schiffermüller, 1775)","Lamprosticta culta (Denis & Schiffermüller, 1775)",species,Noctuidae,Lepidoptera,Accepted,,Exact,,https://inpn.mnhn.fr/espece/cd_nom/249730
Lasionhada proxima,Lasionhada proxima,Lasionhada proxima,Lasionhada,Noctuidae,Hadeninae,Species,"(HÜBNER, [1809])",EBMSM0000000014612,EBMSM0000000014612,460844,2,2,399051 | 399055,Solanetta_rnn_mantet | Sous_col_mantet,822895,822895,"Lasionhada proxima (Hübner, 1809)","Lasionhada proxima (Hübner, 1809)",species,Noctuidae,Lepidoptera,Accepted,,Exact,,https://inpn.mnhn.fr/espece/cd_nom/822895
Lenisa geminipuncta,Lenisa geminipuncta,Lenisa geminipuncta,Lenisa,Noctuidae,Xyleninae,Species,"(HAWORTH, [1809])",EBMSM0000000014206,EBMSM0000000014206,460438,1,1,395812,La Truchère_dunes_boite_oeuf,781902,781902,"Lenisa geminipuncta (Haworth, 1809)","Lenisa geminipuncta (Haworth, 1809)",species,Noctuidae,Lepidoptera,Accepted,,Exact,,https://inpn.mnhn.fr/espece/cd_nom/781902
Leucania comma,Leucania comma,Leucania comma,Leucania,Noctuidae,Hadeninae,Species,"(LINNAEUS, 1761)",EBMSM0000000014592,EBMSM0000000014592,460824,4,3,395813 | 397630 | 398134,La Truchère_tourbière | Maire 2 | THALERA_EYNE_2_boite_oeuf,249563,249563,"Leucania comma (Linnaeus, 1761)","Leucania comma (Linnaeus, 1761)",species,Noctuidae,Lepidoptera,Accepted,,Exact,,https://inpn.mnhn.fr/espece/cd_nom/249563
Leucania obsoleta,Leucania obsoleta,Leucania obsoleta,Leucania,Noctuidae,Hadeninae,Species,"(HÜBNER, [1803])",EBMSM0000000014595,EBMSM0000000014595,460827,7,2,395725 | 395764,Voutenay_ThalOeufs | Voutenay_Thalsansoeufs02,249564,249564,"Leucania obsoleta (Hübner, 1803)","Leucania obsoleta (Hübner, 1803)",species,Noctuidae,Lepidoptera,Accepted,,Exact,,https://inpn.mnhn.fr/espece/cd_nom/249564
Lithophane ornitopus,Lithophane ornitopus,Lithophane ornitopus,Lithophane,Noctuidae,Xyleninae,Species,"(HUFNAGEL, 1766)",EBMSM0000000013967,EBMSM0000000013967,460199,1,1,395447,Sur Mancy (Macornay),249605,249605,"Lithophane ornitopus (Hufnagel, 1766)","Lithophane ornitopus (Hufnagel, 1766)",species,Noctuidae,Lepidoptera,Accepted,,Exact,,https://inpn.mnhn.fr/espece/cd_nom/249605
Lithophane socia,Lithophane socia,Lithophane socia,Lithophane,Noctuidae,Xyleninae,Species,"(HUFNAGEL, 1766)",EBMSM0000000013965,EBMSM0000000013965,460197,2,2,396585 | 397624,Montmain 2 | Mesves_IDB2,249604,249604,"Lithophane socia (Hufnagel, 1766)","Lithophane socia (Hufnagel, 1766)",species,Noctuidae,Lepidoptera,Accepted,,Exact,,https://inpn.mnhn.fr/espece/cd_nom/249604
Litoligia literosa,Litoligia literosa,Litoligia literosa,Litoligia,Noctuidae,Xyleninae,Species,"(HAWORTH, [1809])",EBMSM0000000014313,EBMSM0000000014313,460545,1,1,397624,Mesves_IDB2,520850,520850,"Litoligia literosa (Haworth, 1809)","Litoligia literosa (Haworth, 1809)",species,Noctuidae,Lepidoptera,Accepted,,Exact,,https://inpn.mnhn.fr/espece/cd_nom/520850
Luperina testacea,Luperina testacea,Luperina testacea,Luperina,Noctuidae,Xyleninae,Species,"([DENIS & SCHIFFERMÜLLER], 1775)",EBMSM0000000014177,EBMSM0000000014177,460409,1,1,399051,Solanetta_rnn_mantet,249347,249347,"Luperina testacea (Denis & Schiffermüller, 1775)","Luperina testacea (Denis & Schiffermüller, 1775)",species,Noctuidae,Lepidoptera,Accepted,,Exact,,https://inpn.mnhn.fr/espece/cd_nom/249347
Lycophotia porphyrea,Lycophotia porphyrea,Lycophotia porphyrea,Lycophotia,Noctuidae,Noctuinae,Species,"([DENIS & SCHIFFERMÜLLER], 1775)",EBMSM0000000014910,EBMSM0000000014910,461142,8,4,394742 | 395441 | 395763 | 397631,Vernay 1 | côte de Mancy (Lons-le-Saunier) | Remoray Zh1 ouef | Vernay 2,249258,249258,"Lycophotia porphyrea (Denis & Schiffermüller, 1775)","Lycophotia porphyrea (Denis & Schiffermüller, 1775)",species,Noctuidae,Lepidoptera,Accepted,,Exact,,https://inpn.mnhn.fr/espece/cd_nom/249258
Mesapamea secalis,Mesapamea secalis,Mesapamea secalis,Mesapamea,Noctuidae,Xyleninae,Species,"(LINNAEUS, 1758)",EBMSM0000000014298,EBMSM0000000014298,460530,4,4,395725 | 396414 | 396584 | 396585,Voutenay_ThalOeufs | Varennes 1 | Montmain 1 | Montmain 2,249344,249344,"Mesapamea secalis (Linnaeus, 1758)","Mesapamea secalis (Linnaeus, 1758)",species,Noctuidae,Lepidoptera,Accepted,,Exact,,https://inpn.mnhn.fr/espece/cd_nom/249344
Mesoligia furuncula,Mesoligia furuncula,Mesoligia furuncula,Mesoligia,Noctuidae,Xyleninae,Species,"([DENIS & SCHIFFERMÜLLER], 1775)",EBMSM0000000014315,EBMSM0000000014315,460547,2,2,395764 | 396800,Voutenay_Thalsansoeufs02 | Bure - Oeuf,249342,249342,"Mesoligia furuncula (Denis & Schiffermüller, 1775)","Mesoligia furuncula (Denis & Schiffermüller, 1775)",species,Noctuidae,Lepidoptera,Accepted,,Exact,,https://inpn.mnhn.fr/espece/cd_nom/249342
Mniotype adusta,Mniotype adusta,Mniotype adusta,Mniotype,Noctuidae,Xyleninae,Species,"(ESPER, 1790)",EBMSM0000000014094,EBMSM0000000014094,460326,1,1,395447,Sur Mancy (Macornay),249598,249598,"Mniotype adusta (Esper, 1790)","Mniotype adusta (Esper, 1790)",species,Noctuidae,Lepidoptera,Accepted,,Exact,,https://inpn.mnhn.fr/espece/cd_nom/249598
Mythimna,Mythimna,Mythimna,Mythimna,Noctuidae,Hadeninae,Genus,,EBMSM0000000002330,EBMSM0000000002330,448562,1,1,396712,Piège 2 - aulnaie - marais de Saône,210983,210983,"Mythimna Ochsenheimer, 1816","Mythimna Ochsenheimer, 1816",genus,Noctuidae,Lepidoptera,Accepted,,Exact,,https://inpn.mnhn.fr/espece/cd_nom/210983
Mythimna albipuncta,Mythimna albipuncta,Mythimna albipuncta,Mythimna,Noctuidae,Hadeninae,Species,"([DENIS & SCHIFFERMÜLLER], 1775)",EBMSM0000000014578,EBMSM0000000014578,460810,10,9,394742 | 395813 | 395885 | 396584 | 396585 | 396795 | 396800 | 397620 | 397629,Vernay 1 | La Truchère_tourbière | Comolle 1 | Montmain 1 | Montmain 2 | Bure - sans-oeuf | Bure - Oeuf | Mesves_IDB1 | Maire 1,249557,249557,"Mythimna albipuncta (Denis & Schiffermüller, 1775)","Mythimna albipuncta (Denis & Schiffermüller, 1775)",species,Noctuidae,Lepidoptera,Accepted,,Exact,,https://inpn.mnhn.fr/espece/cd_nom/249557
Mythimna ferrago,Mythimna ferrago,Mythimna ferrago,Mythimna,Noctuidae,Hadeninae,Species,"(FABRICIUS, 1787)",EBMSM0000000014580,EBMSM0000000014580,460812,6,3,395725 | 395764 | 397631,Voutenay_ThalOeufs | Voutenay_Thalsansoeufs02 | Vernay 2,249558,249558,"Mythimna ferrago (Fabricius, 1787)","Mythimna ferrago (Fabricius, 1787)",species,Noctuidae,Lepidoptera,Accepted,,Exact,,https://inpn.mnhn.fr/espece/cd_nom/249558
Mythimna impura,Mythimna impura,Mythimna impura,Mythimna,Noctuidae,Hadeninae,Species,"(HÜBNER, [1808])",EBMSM0000000014556,EBMSM0000000014556,460788,5,4,396710 | 396712 | 396795 | 396800,Piège 1 - cariçaie - marais de Saône | Piège 2 - aulnaie - marais de Saône | Bure - sans-oeuf | Bure - Oeuf,249549,249549,"Mythimna impura (Hübner, 1808)","Mythimna impura (Hübner, 1808)",species,Noctuidae,Lepidoptera,Accepted,,Exact,,https://inpn.mnhn.fr/espece/cd_nom/249549
Mythimna l-album,Mythimna l-album,Mythimna l-album,Mythimna,Noctuidae,Hadeninae,Species,"(LINNAEUS, 1767)",EBMSM0000000014588,EBMSM0000000014588,460820,1,1,396714,Piège 1 - boisement feuillus jeunes - Sauvagney,249561,249561,"Mythimna l-album (Linnaeus, 1767)","Mythimna l-album (Linnaeus, 1767)",species,Noctuidae,Lepidoptera,Accepted,,Exact,,https://inpn.mnhn.fr/espece/cd_nom/249561
Mythimna pallens,Mythimna pallens,Mythimna pallens,Mythimna,Noctuidae,Hadeninae,Species,"(LINNAEUS, 1758)",EBMSM0000000014551,EBMSM0000000014551,460783,10,7,395764 | 395813 | 396414 | 396416 | 396710 | 396712 | 396795,Voutenay_Thalsansoeufs02 | La Truchère_tourbière | Varennes 1 | Varennes 2 | Piège 1 - cariçaie - marais de Saône | Piège 2 - aulnaie - marais de Saône | Bure - sans-oeuf,249548,249548,"Mythimna pallens (Linnaeus, 1758)","Mythimna pallens (Linnaeus, 1758)",species,Noctuidae,Lepidoptera,Accepted,,Exact,,https://inpn.mnhn.fr/espece/cd_nom/249548
Mythimna pudorina,Mythimna pudorina,Mythimna pudorina,Mythimna,Noctuidae,Hadeninae,Species,"([DENIS & SCHIFFERMÜLLER], 1775)",EBMSM0000000014547,EBMSM0000000014547,460779,5,5,394742 | 395813 | 396414 | 396800 | 397631,Vernay 1 | La Truchère_tourbière | Varennes 1 | Bure - Oeuf | Vernay 2,249547,249547,"Mythimna pudorina (Denis & Schiffermüller, 1775)","Mythimna pudorina (Denis & Schiffermüller, 1775)",species,Noctuidae,Lepidoptera,Accepted,,Exact,,https://inpn.mnhn.fr/espece/cd_nom/249547
Mythimna sicula f. scirpi,Mythimna sicula f. scirpi,Mythimna sicula f. scirpi,Mythimna,Noctuidae,Hadeninae,Species,"(DUPONCHEL, [1838])",EBMSM0000000014572,EBMSM0000000014572,460804,2,2,395725 | 395764,Voutenay_ThalOeufs | Voutenay_Thalsansoeufs02,521552,249555,"Mythimna sicula f. scirpi (Duponchel, 1839)","Mythimna sicula (Treitschke, 1835)",species,Noctuidae,Lepidoptera,Synonym,,Exact,,https://inpn.mnhn.fr/espece/cd_nom/521552
Mythimna straminea,Mythimna straminea,Mythimna straminea,Mythimna,Noctuidae,Hadeninae,Species,"(TREITSCHKE, 1825)",EBMSM0000000014558,EBMSM0000000014558,460790,2,2,395764 | 396795,Voutenay_Thalsansoeufs02 | Bure - sans-oeuf,249550,249550,"Mythimna straminea (Treitschke, 1825)","Mythimna straminea (Treitschke, 1825)",species,Noctuidae,Lepidoptera,Accepted,,Exact,,https://inpn.mnhn.fr/espece/cd_nom/249550
Mythimna turca,Mythimna turca,Mythimna turca,Mythimna,Noctuidae,Hadeninae,Species,"(LINNAEUS, 1761)",EBMSM0000000014544,EBMSM0000000014544,460776,2,2,395812 | 395813,La Truchère_dunes_boite_oeuf | La Truchère_tourbière,249545,249545,"Mythimna turca (Linnaeus, 1761)","Mythimna turca (Linnaeus, 1761)",species,Noctuidae,Lepidoptera,Accepted,,Exact,,https://inpn.mnhn.fr/espece/cd_nom/249545
Mythimna vitellina,Mythimna vitellina,Mythimna vitellina,Mythimna,Noctuidae,Hadeninae,Species,"(HÜBNER, [1808])",EBMSM0000000014560,EBMSM0000000014560,460792,4,3,395764 | 396585 | 397629,Voutenay_Thalsansoeufs02 | Montmain 2 | Maire 1,249551,249551,"Mythimna vitellina (Hübner, 1808)","Mythimna vitellina (Hübner, 1808)",species,Noctuidae,Lepidoptera,Accepted,,Exact,,https://inpn.mnhn.fr/espece/cd_nom/249551
Noctua,Noctua,Noctua,Noctua,Noctuidae,Noctuinae,Genus,,EBMSM0000000002350,EBMSM0000000002350,448582,2,2,396710 | 399055,Piège 1 - cariçaie - marais de Saône | Sous_col_mantet,211069,211069,"Noctua Linnaeus, 1758","Noctua Linnaeus, 1758",genus,Noctuidae,Lepidoptera,Accepted,,Exact,,https://inpn.mnhn.fr/espece/cd_nom/211069
Noctua comes,Noctua comes,Noctua comes,Noctua,Noctuidae,Noctuinae,Species,"HÜBNER, [1813]",EBMSM0000000014873,EBMSM0000000014873,461105,21,13,395441 | 395447 | 395725 | 395764 | 395813 | 395885 | 395886 | 396416 | 396584 | 396712 | 396795 | 397631 | 399055,côte de Mancy (Lons-le-Saunier) | Sur Mancy (Macornay) | Voutenay_ThalOeufs | Voutenay_Thalsansoeufs02 | La Truchère_tourbière | Comolle 1 | Comolle 2 | Varennes 2 | Montmain 1 | Piège 2 - aulnaie - marais de Saône | Bure - sans-oeuf | Vernay 2 | Sous_col_mantet,249249,249249,"Noctua comes Hübner, 1813","Noctua comes Hübner, 1813",species,Noctuidae,Lepidoptera,Accepted,,Exact,,https://inpn.mnhn.fr/espece/cd_nom/249249
Noctua fimbriata,Noctua fimbriata,Noctua fimbriata,Noctua,Noctuidae,Noctuinae,Species,"(SCHREBER, 1759)",EBMSM0000000014864,EBMSM0000000014864,461096,22,17,395441 | 395447 | 395725 | 395764 | 395812 | 395813 | 395885 | 395886 | 396022 | 396584 | 396585 | 396714 | 396715 | 396795 | 396800 | 397631 | 399051,côte de Mancy (Lons-le-Saunier) | Sur Mancy (Macornay) | Voutenay_ThalOeufs | Voutenay_Thalsansoeufs02 | La Truchère_dunes_boite_oeuf | La Truchère_tourbière | Comolle 1 | Comolle 2 | Remoray forêt2 oeufs | Montmain 1 | Montmain 2 | Piège 1 - boisement feuillus jeunes - Sauvagney | Piège 2 - boisement feuillus - Sauvagney | Bure - sans-oeuf | Bure - Oeuf | Vernay 2 | Solanetta_rnn_mantet,249250,249250,"Noctua fimbriata (Schreber, 1759)","Noctua fimbriata (Schreber, 1759)",species,Noctuidae,Lepidoptera,Accepted,,Exact,,https://inpn.mnhn.fr/espece/cd_nom/249250
Noctua interjecta,Noctua interjecta,Noctua interjecta,Noctua,Noctuidae,Noctuinae,Species,"HÜBNER, [1803]",EBMSM0000000014877,EBMSM0000000014877,461109,2,2,395441 | 396714,côte de Mancy (Lons-le-Saunier) | Piège 1 - boisement feuillus jeunes - Sauvagney,249254,249254,"Noctua interjecta Hübner, 1803","Noctua interjecta Hübner, 1803",species,Noctuidae,Lepidoptera,Accepted,,Exact,,https://inpn.mnhn.fr/espece/cd_nom/249254
Noctua janthe,Noctua janthe,Noctua janthe,Noctua,Noctuidae,Noctuinae,Species,"(BORKHAUSEN, 1792)",EBMSM0000000014879,EBMSM0000000014879,461111,12,11,394742 | 395441 | 395878 | 396710 | 396714 | 396715 | 396795 | 396800 | 397624 | 397630 | 397631,Vernay 1 | côte de Mancy (Lons-le-Saunier) | Piège 1 - boisement feuillus jeunes - Sauvagney | Piège 1 - cariçaie - marais de Saône | Piège 1 - boisement feuillus jeunes - Sauvagney | Piège 2 - boisement feuillus - Sauvagney | Bure - sans-oeuf | Bure - Oeuf | Mesves_IDB2 | Maire 2 | Vernay 2,249253,249253,"Noctua janthe (Borkhausen, 1792)","Noctua janthe (Borkhausen, 1792)",species,Noctuidae,Lepidoptera,Accepted,,Exact,,https://inpn.mnhn.fr/espece/cd_nom/249253
Noctua janthina,Noctua janthina,Noctua janthina,Noctua,Noctuidae,Noctuinae,Species,"([DENIS & SCHIFFERMÜLLER], 1775)",EBMSM0000000014881,EBMSM0000000014881,461113,1,1,395813,La Truchère_tourbière,249252,249252,"Noctua janthina (Denis & Schiffermüller, 1775)","Noctua janthina (Denis & Schiffermüller, 1775)",species,Noctuidae,Lepidoptera,Accepted,,Exact,,https://inpn.mnhn.fr/espece/cd_nom/249252
Noctua orbona,Noctua orbona,Noctua orbona,Noctua,Noctuidae,Noctuinae,Species,"(HUFNAGEL, 1766)",EBMSM0000000014868,EBMSM0000000014868,461100,2,2,396584 | 397630,Montmain 1 | Maire 2,249247,249247,"Noctua orbona (Hufnagel, 1766)","Noctua orbona (Hufnagel, 1766)",species,Noctuidae,Lepidoptera,Accepted,,Exact,,https://inpn.mnhn.fr/espece/cd_nom/249247
Noctua pronuba,Noctua pronuba,Noctua pronuba,Noctua,Noctuidae,Noctuinae,Species,"(LINNAEUS, 1758)",EBMSM0000000014860,EBMSM0000000014860,461092,45,25,394742 | 395441 | 395447 | 395725 | 395764 | 395812 | 395813 | 395878 | 395885 | 395886 | 396416 | 396584 | 396585 | 396710 | 396712 | 396714 | 396715 | 396795 | 396800 | 397620 | 397629 | 397630 | 397631 | 398133 | 399051,Vernay 1 | côte de Mancy (Lons-le-Saunier) | Sur Mancy (Macornay) | Voutenay_ThalOeufs | Voutenay_Thalsansoeufs02 | La Truchère_dunes_boite_oeuf | La Truchère_tourbière | Piège 1 - boisement feuillus jeunes - Sauvagney | Comolle 1 | Comolle 2 | Varennes 2 | Montmain 1 | Montmain 2 | Piège 1 - cariçaie - marais de Saône | Piège 2 - aulnaie - marais de Saône | Piège 1 - boisement feuillus jeunes - Sauvagney | Piège 2 - boisement feuillus - Sauvagney | Bure - sans-oeuf | Bure - Oeuf | Mesves_IDB1 | Maire 1 | Maire 2 | Vernay 2 | THALERA_EYNE_1_sans_boite | Solanetta_rnn_mantet,249246,249246,"Noctua pronuba (Linnaeus, 1758)","Noctua pronuba (Linnaeus, 1758)",species,Noctuidae,Lepidoptera,Accepted,,Exact,,https://inpn.mnhn.fr/espece/cd_nom/249246
Ochropleura plecta,Ochropleura plecta,Ochropleura plecta,Ochropleura,Noctuidae,Noctuinae,Species,"(LINNAEUS, 1761)",EBMSM0000000014807,EBMSM0000000014807,461039,17,14,395764 | 395812 | 395813 | 395885 | 396020 | 396416 | 396584 | 396710 | 396712 | 396714 | 396715 | 397620 | 397630 | 397631,Voutenay_Thalsansoeufs02 | La Truchère_dunes_boite_oeuf | La Truchère_tourbière | Comolle 1 | Remoray forêt1 vide | Varennes 2 | Montmain 1 | Piège 1 - cariçaie - marais de Saône | Piège 2 - aulnaie - marais de Saône | Piège 1 - boisement feuillus jeunes - Sauvagney | Piège 2 - boisement feuillus - Sauvagney | Mesves_IDB1 | Maire 2 | Vernay 2,249291,249291,"Ochropleura plecta (Linnaeus, 1761)","Ochropleura plecta (Linnaeus, 1761)",species,Noctuidae,Lepidoptera,Accepted,,Exact,,https://inpn.mnhn.fr/espece/cd_nom/249291
Oligia strigilis,Oligia strigilis,Oligia strigilis,Oligia,Noctuidae,Xyleninae,Species,"(LINNAEUS, 1758)",EBMSM0000000014317,EBMSM0000000014317,460549,5,5,395764 | 395885 | 395886 | 396584 | 397624,Voutenay_Thalsansoeufs02 | Comolle 1 | Comolle 2 | Montmain 1 | Mesves_IDB2,249337,249337,"Oligia strigilis (Linnaeus, 1758)","Oligia strigilis (Linnaeus, 1758)",species,Noctuidae,Lepidoptera,Accepted,,Exact,,https://inpn.mnhn.fr/espece/cd_nom/249337
Orthosia cerasi,Orthosia cerasi,Orthosia cerasi,Orthosia,Noctuidae,Hadeninae,Species,"(FABRICIUS, 1775)",EBMSM0000000014341,EBMSM0000000014341,460573,1,1,395441,côte de Mancy (Lons-le-Saunier),249579,249579,"Orthosia cerasi (Fabricius, 1775)","Orthosia cerasi (Fabricius, 1775)",species,Noctuidae,Lepidoptera,Accepted,,Exact,,https://inpn.mnhn.fr/espece/cd_nom/249579
Orthosia cruda,Orthosia cruda,Orthosia cruda,Orthosia,Noctuidae,Hadeninae,Species,"([DENIS & SCHIFFERMÜLLER], 1775)",EBMSM0000000014344,EBMSM0000000014344,460576,3,2,395725 | 396795,Voutenay_ThalOeufs | Bure - sans-oeuf,249576,249576,"Orthosia cruda (Denis & Schiffermüller, 1775)","Orthosia cruda (Denis & Schiffermüller, 1775)",species,Noctuidae,Lepidoptera,Accepted,,Exact,,https://inpn.mnhn.fr/espece/cd_nom/249576
Orthosia gothica,Orthosia gothica,Orthosia gothica,Orthosia,Noctuidae,Hadeninae,Species,"(LINNAEUS, 1758)",EBMSM0000000014355,EBMSM0000000014355,460587,10,10,395441 | 395447 | 395725 | 395764 | 395767 | 396022 | 396584 | 397629 | 398133 | 398134,côte de Mancy (Lons-le-Saunier) | Sur Mancy (Macornay) | Voutenay_ThalOeufs | Voutenay_Thalsansoeufs02 | ZA 1 Oeufs | Remoray forêt2 oeufs | Montmain 1 | Maire 1 | THALERA_EYNE_1_sans_boite | THALERA_EYNE_2_boite_oeuf,249575,249575,"Orthosia gothica (Linnaeus, 1758)","Orthosia gothica (Linnaeus, 1758)",species,Noctuidae,Lepidoptera,Accepted,,Exact,,https://inpn.mnhn.fr/espece/cd_nom/249575
Orthosia gracilis,Orthosia gracilis,Orthosia gracilis,Orthosia,Noctuidae,Hadeninae,Species,"([DENIS & SCHIFFERMÜLLER], 1775)",EBMSM0000000014350,EBMSM0000000014350,460582,2,2,395755 | 395764,Piège 2 - aulnaie - marais de Saône | Voutenay_Thalsansoeufs02,249580,249580,"Orthosia gracilis (Denis & Schiffermüller, 1775)","Orthosia gracilis (Denis & Schiffermüller, 1775)",species,Noctuidae,Lepidoptera,Accepted,,Exact,,https://inpn.mnhn.fr/espece/cd_nom/249580
Orthosia incerta,Orthosia incerta,Orthosia incerta,Orthosia,Noctuidae,Hadeninae,Species,"(HUFNAGEL, 1766)",EBMSM0000000014337,EBMSM0000000014337,460569,3,2,395813 | 396020,La Truchère_tourbière | Remoray forêt1 vide,249574,249574,"Orthosia incerta (Hufnagel, 1766)","Orthosia incerta (Hufnagel, 1766)",species,Noctuidae,Lepidoptera,Accepted,,Exact,,https://inpn.mnhn.fr/espece/cd_nom/249574
Orthosia populeti,Orthosia populeti,Orthosia populeti,Orthosia,Noctuidae,Hadeninae,Species,"(FABRICIUS, 1781)",EBMSM0000000014347,EBMSM0000000014347,460579,1,1,396022,Remoray forêt2 oeufs,249578,249578,"Orthosia populeti (Fabricius, 1781)","Orthosia populeti (Fabricius, 1781)",species,Noctuidae,Lepidoptera,Accepted,,Exact,,https://inpn.mnhn.fr/espece/cd_nom/249578
Pachetra sagittigera,Pachetra sagittigera,Pachetra sagittigera,Pachetra,Noctuidae,Hadeninae,Species,"(HUFNAGEL, 1766)",EBMSM0000000014422,EBMSM0000000014422,460654,8,5,395725 | 395764 | 396584 | 397629 | 399055,Voutenay_ThalOeufs | Voutenay_Thalsansoeufs02 | Montmain 1 | Maire 1 | Sous_col_mantet,249453,249453,"Pachetra sagittigera (Hufnagel, 1766)","Pachetra sagittigera (Hufnagel, 1766)",species,Noctuidae,Lepidoptera,Accepted,,Exact,,https://inpn.mnhn.fr/espece/cd_nom/249453
Panthea coenobita,Panthea coenobita,Panthea coenobita,Panthea,Noctuidae,Pantheinae,Species,"(ESPER, [1785])",EBMSM0000000013344,EBMSM0000000013344,459576,1,1,396584,Montmain 1,345352,345352,"Panthea coenobita (Esper, 1785)","Panthea coenobita (Esper, 1785)",species,Noctuidae,Lepidoptera,Accepted,,Exact,,https://inpn.mnhn.fr/espece/cd_nom/345352
Papestra biren,Papestra biren,Papestra biren,Papestra,Noctuidae,Hadeninae,Species,"(GOEZE, 1781)",EBMSM0000000014446,EBMSM0000000014446,460678,4,2,398133 | 398134,THALERA_EYNE_1_sans_boite | THALERA_EYNE_2_boite_oeuf,249452,249452,"Papestra biren (Goeze, 1781)","Papestra biren (Goeze, 1781)",species,Noctuidae,Lepidoptera,Accepted,,Exact,,https://inpn.mnhn.fr/espece/cd_nom/249452
Phlogophora meticulosa,Phlogophora meticulosa,Phlogophora meticulosa,Phlogophora,Noctuidae,Xyleninae,Species,"(LINNAEUS, 1758)",EBMSM0000000013832,EBMSM0000000013832,460064,2,2,394742 | 395886,Vernay 1 | Comolle 2,249513,249513,"Phlogophora meticulosa (Linnaeus, 1758)","Phlogophora meticulosa (Linnaeus, 1758)",species,Noctuidae,Lepidoptera,Accepted,,Exact,,https://inpn.mnhn.fr/espece/cd_nom/249513
Photedes extrema,Photedes extrema,Photedes extrema,Photedes,Noctuidae,Xyleninae,Species,"(HÜBNER, [1808-1809])",EBMSM0000000014231,EBMSM0000000014231,460463,2,1,395764,Voutenay_Thalsansoeufs02,520905,520905,"Photedes extrema (Hübner, 1809)","Photedes extrema (Hübner, 1809)",species,Noctuidae,Lepidoptera,Accepted,,Exact,,https://inpn.mnhn.fr/espece/cd_nom/520905
Polia hepatica,Polia hepatica,Polia hepatica,Polia,Noctuidae,Hadeninae,Species,"(CLERCK, 1759)",EBMSM0000000014410,EBMSM0000000014410,460642,1,1,397631,Vernay 2,249449,249449,"Polia hepatica (Clerck, 1759)","Polia hepatica (Clerck, 1759)",species,Noctuidae,Lepidoptera,Accepted,,Exact,,https://inpn.mnhn.fr/espece/cd_nom/249449
Polia nebulosa,Polia nebulosa,Polia nebulosa,Polia,Noctuidae,Hadeninae,Species,"(HUFNAGEL, 1766)",EBMSM0000000014412,EBMSM0000000014412,460644,5,4,395441 | 396712 | 397629 | 397631,côte de Mancy (Lons-le-Saunier) | Piège 2 - aulnaie - marais de Saône | Maire 1 | Vernay 2,249450,249450,"Polia nebulosa (Hufnagel, 1766)","Polia nebulosa (Hufnagel, 1766)",species,Noctuidae,Lepidoptera,Accepted,,Exact,,https://inpn.mnhn.fr/espece/cd_nom/249450
Polyphaenis sericata,Polyphaenis sericata,Polyphaenis sericata,Polyphaenis,Noctuidae,Xyleninae,Species,"(ESPER, 1787)",EBMSM0000000013813,EBMSM0000000013813,460045,5,5,395447 | 395725 | 395764 | 395812 | 395813,Sur Mancy (Macornay) | Voutenay_ThalOeufs | Voutenay_Thalsansoeufs02 | La Truchère_dunes_boite_oeuf | La Truchère_tourbière,249511,249511,"Polyphaenis sericata (Esper, 1787)","Polyphaenis sericata (Esper, 1787)",species,Noctuidae,Lepidoptera,Accepted,,Exact,,https://inpn.mnhn.fr/espece/cd_nom/249511
Protolampra sobrina,Protolampra sobrina,Protolampra sobrina,Protolampra,Noctuidae,Noctuinae,Species,"(DUPONCHEL, [1843])",EBMSM0000000014904,EBMSM0000000014904,461136,1,1,395764,Voutenay_Thalsansoeufs02,249244,249244,"Protolampra sobrina (Duponchel, 1843)","Protolampra sobrina (Duponchel, 1843)",species,Noctuidae,Lepidoptera,Accepted,,Exact,,https://inpn.mnhn.fr/espece/cd_nom/249244
Rhizedra lutosa,Rhizedra lutosa,Rhizedra lutosa,Rhizedra,Noctuidae,Xyleninae,Species,"(HÜBNER, [1800-1803])",EBMSM0000000014193,EBMSM0000000014193,460425,1,1,395764,Voutenay_Thalsansoeufs02,249331,249331,"Rhizedra lutosa (Hübner, 1803)","Rhizedra lutosa (Hübner, 1803)",species,Noctuidae,Lepidoptera,Accepted,,Exact,,https://inpn.mnhn.fr/espece/cd_nom/249331
Rusina ferruginea,Charanyca ferruginea,Charanyca ferruginea | Rusina ferruginea,Rusina,Noctuidae,Xyleninae,Species,"(ESPER, [1785])",EBMSM0000000013793,EBMSM0000000013793,645146,22,21,395441 | 395447 | 395725 | 395763 | 395765 | 395767 | 395768 | 395886 | 396020 | 396022 | 396416 | 396584 | 396585 | 396712 | 396795 | 396800 | 397620 | 397624 | 397629 | 399051 | 399055,côte de Mancy (Lons-le-Saunier) | Sur Mancy (Macornay) | Voutenay_ThalOeufs | Remoray Zh1 ouef | Remoray ZH2 vide | ZA 1 Oeufs | ZA 2 vide | Comolle 2 | Remoray forêt1 vide | Remoray forêt2 oeufs | Varennes 2 | Montmain 1 | Montmain 2 | Piège 2 - aulnaie - marais de Saône | Bure - sans-oeuf | Bure - Oeuf | Mesves_IDB1 | Mesves_IDB2 | Maire 1 | Solanetta_rnn_mantet | Sous_col_mantet,249507,249507,"Rusina ferruginea (Esper, 1785)","Rusina ferruginea (Esper, 1785)",species,Noctuidae,Lepidoptera,Accepted,,Exact,,https://inpn.mnhn.fr/espece/cd_nom/249507
Senta flammea,Senta flammea,Senta flammea,Senta,Noctuidae,Hadeninae,Species,"(CURTIS, 1828)",EBMSM0000000014605,EBMSM0000000014605,460837,1,1,396795,Bure - sans-oeuf,249544,249544,"Senta flammea (Curtis, 1828)","Senta flammea (Curtis, 1828)",species,Noctuidae,Lepidoptera,Accepted,,Exact,,https://inpn.mnhn.fr/espece/cd_nom/249544
Sideridis reticulata,Sideridis reticulata,Sideridis reticulata,Sideridis,Noctuidae,Hadeninae,Species,"(GOEZE, 1781)",EBMSM0000000014461,EBMSM0000000014461,460693,4,4,395447 | 395725 | 395764 | 399055,Sur Mancy (Macornay) | Voutenay_ThalOeufs | Voutenay_Thalsansoeufs02 | Sous_col_mantet,249446,249446,"Sideridis reticulata (Goeze, 1781)","Sideridis reticulata (Goeze, 1781)",species,Noctuidae,Lepidoptera,Accepted,,Exact,,https://inpn.mnhn.fr/espece/cd_nom/249446
Thalpophila matura,Thalpophila matura,Thalpophila matura,Thalpophila,Noctuidae,Xyleninae,Species,"(HUFNAGEL, 1766)",EBMSM0000000013817,EBMSM0000000013817,460049,3,3,395447 | 396414 | 397630,Sur Mancy (Macornay) | Varennes 1 | Maire 2,249503,249503,"Thalpophila matura (Hufnagel, 1766)","Thalpophila matura (Hufnagel, 1766)",species,Noctuidae,Lepidoptera,Accepted,,Exact,,https://inpn.mnhn.fr/espece/cd_nom/249503
Tholera decimalis,Tholera decimalis,Tholera decimalis,Tholera,Noctuidae,Hadeninae,Species,"(PODA, 1761)",EBMSM0000000014374,EBMSM0000000014374,460606,1,1,399051,Solanetta_rnn_mantet,249442,249442,"Tholera decimalis (Poda, 1761)","Tholera decimalis (Poda, 1761)",species,Noctuidae,Lepidoptera,Accepted,,Exact,,https://inpn.mnhn.fr/espece/cd_nom/249442
Trachea atriplicis,Trachea atriplicis,Trachea atriplicis,Trachea,Noctuidae,Xyleninae,Species,"(LINNAEUS, 1758)",EBMSM0000000013807,EBMSM0000000013807,460039,9,8,394742 | 395813 | 395877 | 395886 | 396712 | 396714 | 396715 | 397630,Vernay 1 | La Truchère_tourbière | Piège 2 - boisement feuillus - Sauvagney | Comolle 2 | Piège 2 - aulnaie - marais de Saône | Piège 1 - boisement feuillus jeunes - Sauvagney | Piège 2 - boisement feuillus - Sauvagney | Maire 2,249502,249502,"Trachea atriplicis (Linnaeus, 1758)","Trachea atriplicis (Linnaeus, 1758)",species,Noctuidae,Lepidoptera,Accepted,,Exact,,https://inpn.mnhn.fr/espece/cd_nom/249502
Tyta luctuosa,Tyta luctuosa,Tyta luctuosa,Tyta,Noctuidae,Metoponiinae,Species,"([DENIS & SCHIFFERMÜLLER], 1775)",EBMSM0000000013415,EBMSM0000000013415,459647,3,2,395725 | 396414,Voutenay_ThalOeufs | Varennes 1,249115,249115,"Tyta luctuosa (Denis & Schiffermüller, 1775)","Tyta luctuosa (Denis & Schiffermüller, 1775)",species,Noctuidae,Lepidoptera,Accepted,,Exact,,https://inpn.mnhn.fr/espece/cd_nom/249115
Xanthia icteritia,Xanthia icteritia,Xanthia icteritia,Xanthia,Noctuidae,Xyleninae,Species,"(HUFNAGEL, 1766)",EBMSM0000000013885,EBMSM0000000013885,460117,1,1,396795,Bure - sans-oeuf,249586,810102,"Xanthia icteritia (Hufnagel, 1766)","Cirrhia icteritia (Hufnagel, 1766)",species,Noctuidae,Lepidoptera,Synonym,,Exact,,https://inpn.mnhn.fr/espece/cd_nom/249586
Xanthia ocellaris,Xanthia ocellaris,Xanthia ocellaris,Xanthia,Noctuidae,Xyleninae,Species,"(BORKHAUSEN, 1792)",EBMSM0000000013889,EBMSM0000000013889,460121,1,1,397620,Mesves_IDB1,249588,770393,"Xanthia ocellaris (Borkhausen, 1792)","Cirrhia ocellaris (Borkhausen, 1792)",species,Noctuidae,Lepidoptera,Synonym,,Exact,,https://inpn.mnhn.fr/espece/cd_nom/249588
Xestia baja,Xestia baja,Xestia baja,Xestia,Noctuidae,Noctuinae,Species,"([DENIS & SCHIFFERMÜLLER], 1775)",EBMSM0000000014978,EBMSM0000000014978,461210,5,5,394742 | 396585 | 396710 | 396795 | 396800,Vernay 1 | Montmain 2 | Piège 1 - cariçaie - marais de Saône | Bure - sans-oeuf | Bure - Oeuf,249223,249223,"Xestia baja (Denis & Schiffermüller, 1775)","Xestia baja (Denis & Schiffermüller, 1775)",species,Noctuidae,Lepidoptera,Accepted,,Exact,,https://inpn.mnhn.fr/espece/cd_nom/249223
Xestia c-nigrum,Xestia c-nigrum,Xestia c-nigrum,Xestia,Noctuidae,Noctuinae,Species,"(LINNAEUS, 1758)",EBMSM0000000014968,EBMSM0000000014968,461200,26,21,394742 | 395441 | 395447 | 395725 | 395764 | 395812 | 395877 | 395885 | 395886 | 396416 | 396584 | 396585 | 396710 | 396712 | 396714 | 396715 | 396800 | 397629 | 397630 | 397631 | 399055,Vernay 1 | côte de Mancy (Lons-le-Saunier) | Sur Mancy (Macornay) | Voutenay_ThalOeufs | Voutenay_Thalsansoeufs02 | La Truchère_dunes_boite_oeuf | Piège 2 - boisement feuillus - Sauvagney | Comolle 1 | Comolle 2 | Varennes 2 | Montmain 1 | Montmain 2 | Piège 1 - cariçaie - marais de Saône | Piège 2 - aulnaie - marais de Saône | Piège 1 - boisement feuillus jeunes - Sauvagney | Piège 2 - boisement feuillus - Sauvagney | Bure - Oeuf | Maire 1 | Maire 2 | Vernay 2 | Sous_col_mantet,249219,249219,"Xestia c-nigrum (Linnaeus, 1758)","Xestia c-nigrum (Linnaeus, 1758)",species,Noctuidae,Lepidoptera,Accepted,,Exact,,https://inpn.mnhn.fr/espece/cd_nom/249219
Xestia sexstrigata,Xestia sexstrigata,Xestia sexstrigata,Xestia,Noctuidae,Noctuinae,Species,"(HAWORTH, [1809])",EBMSM0000000014999,EBMSM0000000014999,461231,1,1,394742,Vernay 1,249228,249228,"Xestia sexstrigata (Haworth, 1809)","Xestia sexstrigata (Haworth, 1809)",species,Noctuidae,Lepidoptera,Accepted,,Exact,,https://inpn.mnhn.fr/espece/cd_nom/249228
Xestia stigmatica,Xestia stigmatica,Xestia stigmatica,Xestia,Noctuidae,Noctuinae,Species,"(HÜBNER, [1813])",EBMSM0000000014981,EBMSM0000000014981,461213,2,2,394742 | 396584,Vernay 1 | Montmain 1,249224,249224,"Xestia stigmatica (Hübner, 1813)","Xestia stigmatica (Hübner, 1813)",species,Noctuidae,Lepidoptera,Accepted,,Exact,,https://inpn.mnhn.fr/espece/cd_nom/249224
Xestia triangulum,Xestia triangulum,Xestia triangulum,Xestia,Noctuidae,Noctuinae,Species,"(HUFNAGEL, 1766)",EBMSM0000000014972,EBMSM0000000014972,461204,2,2,397629 | 399051,Maire 1 | Solanetta_rnn_mantet,249221,249221,"Xestia triangulum (Hufnagel, 1766)","Xestia triangulum (Hufnagel, 1766)",species,Noctuidae,Lepidoptera,Accepted,,Exact,,https://inpn.mnhn.fr/espece/cd_nom/249221
Xestia xanthographa,Xestia xanthographa,Xestia xanthographa,Xestia,Noctuidae,Noctuinae,Species,"([DENIS & SCHIFFERMÜLLER], 1775)",EBMSM0000000014994,EBMSM0000000014994,461226,3,3,395441 | 396795 | 397620,côte de Mancy (Lons-le-Saunier) | Bure - sans-oeuf | Mesves_IDB1,249229,249229,"Xestia xanthographa (Denis & Schiffermüller, 1775)","Xestia xanthographa (Denis & Schiffermüller, 1775)",species,Noctuidae,Lepidoptera,Accepted,,Exact,,https://inpn.mnhn.fr/espece/cd_nom/249229
Meganola albula,Meganola albula,Meganola albula,Meganola,Nolidae,Nolinae,Species,"([DENIS & SCHIFFERMÜLLER], 1775)",EBMSM0000000013155,EBMSM0000000013155,459387,1,1,396710,Piège 1 - cariçaie - marais de Saône,249842,249842,"Meganola albula (Denis & Schiffermüller, 1775)","Meganola albula (Denis & Schiffermüller, 1775)",species,Nolidae,Lepidoptera,Accepted,,Exact,,https://inpn.mnhn.fr/espece/cd_nom/249842
Nycteola revayana,Nycteola revayana,Nycteola revayana,Nycteola,Nolidae,Chloephorinae,Species,"(SCOPOLI, 1772)",EBMSM0000000013200,EBMSM0000000013200,459432,3,3,395725 | 397620 | 397630,Voutenay_ThalOeufs | Mesves_IDB1 | Maire 2,249848,249848,"Nycteola revayana (Scopoli, 1772)","Nycteola revayana (Scopoli, 1772)",species,Nolidae,Lepidoptera,Accepted,,Exact,,https://inpn.mnhn.fr/espece/cd_nom/249848
Clostera anachoreta,Clostera anachoreta,Clostera anachoreta,Clostera,Notodontidae,Pygaerinae,Species,"([DENIS & SCHIFFERMÜLLER], 1775)",EBMSM0000000012557,EBMSM0000000012557,458789,3,2,396712 | 396715,Piège 2 - aulnaie - marais de Saône | Piège 2 - boisement feuillus - Sauvagney,54659,54659,"Clostera anachoreta (Denis & Schiffermüller, 1775)","Clostera anachoreta (Denis & Schiffermüller, 1775)",species,Notodontidae,Lepidoptera,Accepted,,Exact,,https://inpn.mnhn.fr/espece/cd_nom/54659
Clostera curtula,Clostera curtula,Clostera curtula,Clostera,Notodontidae,Pygaerinae,Species,"(LINNAEUS, 1758)",EBMSM0000000012553,EBMSM0000000012553,458785,3,3,394742 | 396416 | 397631,Vernay 1 | Varennes 2 | Vernay 2,54657,54657,"Clostera curtula (Linnaeus, 1758)","Clostera curtula (Linnaeus, 1758)",species,Notodontidae,Lepidoptera,Accepted,,Exact,,https://inpn.mnhn.fr/espece/cd_nom/54657
Drymonia dodonaea,Drymonia dodonaea,Drymonia dodonaea,Drymonia,Notodontidae,Notodontinae,Species,"([DENIS & SCHIFFERMÜLLER], 1775)",EBMSM0000000012569,EBMSM0000000012569,458801,6,5,395813 | 395877 | 395878 | 396022 | 396585,La Truchère_tourbière | Piège 2 - boisement feuillus - Sauvagney | Piège 1 - boisement feuillus jeunes - Sauvagney | Remoray forêt2 oeufs | Montmain 2,54589,54589,"Drymonia dodonaea (Denis & Schiffermüller, 1775)","Drymonia dodonaea (Denis & Schiffermüller, 1775)",species,Notodontidae,Lepidoptera,Accepted,,Exact,,https://inpn.mnhn.fr/espece/cd_nom/54589
Drymonia obliterata,Drymonia obliterata,Drymonia obliterata,Drymonia,Notodontidae,Notodontinae,Species,"(ESPER, [1785])",EBMSM0000000012573,EBMSM0000000012573,458805,12,10,395812 | 395877 | 396020 | 396584 | 396585 | 396712 | 396714 | 396715 | 396795 | 397630,La Truchère_dunes_boite_oeuf | Piège 2 - boisement feuillus - Sauvagney | Remoray forêt1 vide | Montmain 1 | Montmain 2 | Piège 2 - aulnaie - marais de Saône | Piège 1 - boisement feuillus jeunes - Sauvagney | Piège 2 - boisement feuillus - Sauvagney | Bure - sans-oeuf | Maire 2,249025,249025,"Drymonia obliterata (Esper, 1785)","Drymonia obliterata (Esper, 1785)",species,Notodontidae,Lepidoptera,Accepted,,Exact,,https://inpn.mnhn.fr/espece/cd_nom/249025
Drymonia querna,Drymonia querna,Drymonia querna,Drymonia,Notodontidae,Notodontinae,Species,"([DENIS & SCHIFFERMÜLLER], 1775)",EBMSM0000000012575,EBMSM0000000012575,458807,1,1,395885,Comolle 1,54595,54595,"Drymonia querna (Denis & Schiffermüller, 1775)","Drymonia querna (Denis & Schiffermüller, 1775)",species,Notodontidae,Lepidoptera,Accepted,,Exact,,https://inpn.mnhn.fr/espece/cd_nom/54595
Furcula bicuspis,Furcula bicuspis,Furcula bicuspis,Furcula,Notodontidae,Notodontinae,Species,"(BORKHAUSEN, 1790)",EBMSM0000000012613,EBMSM0000000012613,458845,2,2,394742 | 396712,Vernay 1 | Piège 2 - aulnaie - marais de Saône,249028,249028,"Furcula bicuspis (Borkhausen, 1790)","Furcula bicuspis (Borkhausen, 1790)",species,Notodontidae,Lepidoptera,Accepted,,Exact,,https://inpn.mnhn.fr/espece/cd_nom/249028
Gluphisia crenata,Gluphisia crenata,Gluphisia crenata,Gluphisia,Notodontidae,Notodontinae,Species,"(ESPER, [1785])",EBMSM0000000012601,EBMSM0000000012601,458833,1,1,397624,Mesves_IDB2,54650,54650,"Gluphisia crenata (Esper, 1785)","Gluphisia crenata (Esper, 1785)",species,Notodontidae,Lepidoptera,Accepted,,Exact,,https://inpn.mnhn.fr/espece/cd_nom/54650
Harpyia milhauseri,Harpyia milhauseri,Harpyia milhauseri,Harpyia,Notodontidae,Heterocampinae,Species,"(FABRICIUS, 1775)",EBMSM0000000012633,EBMSM0000000012633,458865,2,1,395764,Voutenay_Thalsansoeufs02,249030,249030,"Harpyia milhauseri (Fabricius, 1775)","Harpyia milhauseri (Fabricius, 1775)",species,Notodontidae,Lepidoptera,Accepted,,Exact,,https://inpn.mnhn.fr/espece/cd_nom/249030
Notodonta dromedarius,Notodonta dromedarius,Notodonta dromedarius,Notodonta,Notodontidae,Notodontinae,Species,"(LINNAEUS, 1767)",EBMSM0000000012561,EBMSM0000000012561,458793,4,3,396585 | 396712 | 397629,Montmain 2 | Piège 2 - aulnaie - marais de Saône | Maire 1,54578,54578,"Notodonta dromedarius (Linnaeus, 1767)","Notodonta dromedarius (Linnaeus, 1767)",species,Notodontidae,Lepidoptera,Accepted,,Exact,,https://inpn.mnhn.fr/espece/cd_nom/54578
Notodonta ziczac,Notodonta ziczac,Notodonta ziczac,Notodonta,Notodontidae,Notodontinae,Species,"(LINNAEUS, 1758)",EBMSM0000000012567,EBMSM0000000012567,458799,2,2,396712 | 397624,Piège 2 - aulnaie - marais de Saône | Mesves_IDB2,249024,249024,"Notodonta ziczac (Linnaeus, 1758)","Notodonta ziczac (Linnaeus, 1758)",species,Notodontidae,Lepidoptera,Accepted,,Exact,,https://inpn.mnhn.fr/espece/cd_nom/249024
Peridea anceps,Peridea anceps,Peridea anceps,Peridea,Notodontidae,Phalerinae,Species,"(GOEZE, 1781)",EBMSM0000000012628,EBMSM0000000012628,458860,3,3,395813 | 395877 | 396584,La Truchère_tourbière | Piège 2 - boisement feuillus - Sauvagney | Montmain 1,54573,54573,"Peridea anceps (Goeze, 1781)","Peridea anceps (Goeze, 1781)",species,Notodontidae,Lepidoptera,Accepted,,Exact,,https://inpn.mnhn.fr/espece/cd_nom/54573
Phalera bucephala,Phalera bucephala,Phalera bucephala,Phalera,Notodontidae,Phalerinae,Species,"(LINNAEUS, 1758)",EBMSM0000000012624,EBMSM0000000012624,458856,14,13,395768 | 395812 | 395813 | 395885 | 396584 | 396585 | 396712 | 396714 | 396715 | 397624 | 397629 | 397630 | 397631,ZA 2 vide | La Truchère_dunes_boite_oeuf | La Truchère_tourbière | Comolle 1 | Montmain 1 | Montmain 2 | Piège 2 - aulnaie - marais de Saône | Piège 1 - boisement feuillus jeunes - Sauvagney | Piège 2 - boisement feuillus - Sauvagney | Mesves_IDB2 | Maire 1 | Maire 2 | Vernay 2,54548,54548,"Phalera bucephala (Linnaeus, 1758)","Phalera bucephala (Linnaeus, 1758)",species,Notodontidae,Lepidoptera,Accepted,,Exact,,https://inpn.mnhn.fr/espece/cd_nom/54548
Pheosia gnoma,Pheosia gnoma,Pheosia gnoma,Pheosia,Notodontidae,Notodontinae,Species,"(FABRICIUS, [1777])",EBMSM0000000012581,EBMSM0000000012581,458813,12,9,394742 | 395813 | 396584 | 396585 | 396712 | 397629 | 397630 | 397631 | 399055,Vernay 1 | La Truchère_tourbière | Montmain 1 | Montmain 2 | Piège 2 - aulnaie - marais de Saône | Maire 1 | Maire 2 | Vernay 2 | Sous_col_mantet,54617,54617,"Pheosia gnoma (Fabricius, 1777)","Pheosia gnoma (Fabricius, 1777)",species,Notodontidae,Lepidoptera,Accepted,,Exact,,https://inpn.mnhn.fr/espece/cd_nom/54617
Pheosia tremula,Pheosia tremula,Pheosia tremula,Pheosia,Notodontidae,Notodontinae,Species,"(CLERCK, 1759)",EBMSM0000000012579,EBMSM0000000012579,458811,21,14,394742 | 395447 | 395877 | 395885 | 396414 | 396584 | 396585 | 396710 | 396714 | 396795 | 396800 | 397620 | 397624 | 397631,Vernay 1 | Sur Mancy (Macornay) | Piège 2 - boisement feuillus - Sauvagney | Comolle 1 | Varennes 1 | Montmain 1 | Montmain 2 | Piège 1 - cariçaie - marais de Saône | Piège 1 - boisement feuillus jeunes - Sauvagney | Bure - sans-oeuf | Bure - Oeuf | Mesves_IDB1 | Mesves_IDB2 | Vernay 2,54614,54614,"Pheosia tremula (Clerck, 1759)","Pheosia tremula (Clerck, 1759)",species,Notodontidae,Lepidoptera,Accepted,,Exact,,https://inpn.mnhn.fr/espece/cd_nom/54614
Pterostoma palpina,Pterostoma palpina,Pterostoma palpina,Pterostoma,Notodontidae,Notodontinae,Species,"(CLERCK, 1759)",EBMSM0000000012584,EBMSM0000000012584,458816,10,6,394742 | 395767 | 396710 | 396712 | 397620 | 397624,Vernay 1 | ZA 1 Oeufs | Piège 1 - cariçaie - marais de Saône | Piège 2 - aulnaie - marais de Saône | Mesves_IDB1 | Mesves_IDB2,54625,54625,"Pterostoma palpina (Clerck, 1759)","Pterostoma palpina (Clerck, 1759)",species,Notodontidae,Lepidoptera,Accepted,,Exact,,https://inpn.mnhn.fr/espece/cd_nom/54625
Ptilodon capucina,Ptilodon capucina,Ptilodon capucina,Ptilodon,Notodontidae,Notodontinae,Species,"(LINNAEUS, 1758)",EBMSM0000000012592,EBMSM0000000012592,458824,17,10,394742 | 395877 | 395878 | 396022 | 396584 | 396585 | 396712 | 396714 | 397629 | 397630,Vernay 1 | Piège 2 - boisement feuillus - Sauvagney | Piège 1 - boisement feuillus jeunes - Sauvagney | Remoray forêt2 oeufs | Montmain 1 | Montmain 2 | Piège 2 - aulnaie - marais de Saône | Piège 1 - boisement feuillus jeunes - Sauvagney | Maire 1 | Maire 2,54628,54628,"Ptilodon capucina (Linnaeus, 1758)","Ptilodon capucina (Linnaeus, 1758)",species,Notodontidae,Lepidoptera,Accepted,,Exact,,https://inpn.mnhn.fr/espece/cd_nom/54628
Ptilodon cucullina,Ptilodon cucullina,Ptilodon cucullina,Ptilodon,Notodontidae,Notodontinae,Species,"([DENIS & SCHIFFERMÜLLER], 1775)",EBMSM0000000012594,EBMSM0000000012594,458826,1,1,396795,Bure - sans-oeuf,249022,249022,"Ptilodon cucullina (Denis & Schiffermüller, 1775)","Ptilodon cucullina (Denis & Schiffermüller, 1775)",species,Notodontidae,Lepidoptera,Accepted,,Exact,,https://inpn.mnhn.fr/espece/cd_nom/249022
Stauropus fagi,Stauropus fagi,Stauropus fagi,Stauropus,Notodontidae,Heterocampinae,Species,"(LINNAEUS, 1758)",EBMSM0000000012631,EBMSM0000000012631,458863,8,7,395764 | 395877 | 395886 | 396022 | 396584 | 396712 | 396714,Voutenay_Thalsansoeufs02 | Piège 2 - boisement feuillus - Sauvagney | Comolle 2 | Remoray forêt2 oeufs | Montmain 1 | Piège 2 - aulnaie - marais de Saône | Piège 1 - boisement feuillus jeunes - Sauvagney,54570,54570,"Stauropus fagi (Linnaeus, 1758)","Stauropus fagi (Linnaeus, 1758)",species,Notodontidae,Lepidoptera,Accepted,,Exact,,https://inpn.mnhn.fr/espece/cd_nom/54570
Thaumetopoea,Thaumetopoea,Thaumetopoea,Thaumetopoea,Notodontidae,Thaumetopoeinae,Genus,,EBMSM0000000001927,EBMSM0000000001927,448159,1,1,399051,Solanetta_rnn_mantet,198370,198370,"Thaumetopoea Hübner, 1820","Thaumetopoea Hübner, 1820",genus,Notodontidae,Lepidoptera,Accepted,,Exact,,https://inpn.mnhn.fr/espece/cd_nom/198370
Thaumetopoea pityocampa,Thaumetopoea pityocampa,Thaumetopoea pityocampa,Thaumetopoea,Notodontidae,Thaumetopoeinae,Species,"([DENIS & SCHIFFERMÜLLER], 1775)",EBMSM0000000012544,EBMSM0000000012544,458776,2,1,399051,Solanetta_rnn_mantet,54674,54674,"Thaumetopoea pityocampa (Denis & Schiffermüller, 1775)","Thaumetopoea pityocampa (Denis & Schiffermüller, 1775)",species,Notodontidae,Lepidoptera,Accepted,,Exact,,https://inpn.mnhn.fr/espece/cd_nom/54674
Thaumetopoea processionea,Thaumetopoea processionea,Thaumetopoea processionea,Thaumetopoea,Notodontidae,Thaumetopoeinae,Species,"(LINNAEUS, 1758)",EBMSM0000000012541,EBMSM0000000012541,458773,12,8,395447 | 395812 | 396584 | 396714 | 396800 | 397620 | 397624 | 399051,Sur Mancy (Macornay) | La Truchère_dunes_boite_oeuf | Montmain 1 | Piège 1 - boisement feuillus jeunes - Sauvagney | Bure - Oeuf | Mesves_IDB1 | Mesves_IDB2 | Solanetta_rnn_mantet,54671,54671,"Thaumetopoea processionea (Linnaeus, 1758)","Thaumetopoea processionea (Linnaeus, 1758)",species,Notodontidae,Lepidoptera,Accepted,,Exact,,https://inpn.mnhn.fr/espece/cd_nom/54671
Carcina quercana,Carcina quercana,Carcina quercana,Carcina,Oecophoridae,Oecophorinae,Species,"(FABRICIUS, 1775)",EBMSM0000000004603,EBMSM0000000004603,450835,1,1,396800,Bure - Oeuf,246214,246214,"Carcina quercana (Fabricius, 1775)","Carcina quercana (Fabricius, 1775)",species,Depressariidae,Lepidoptera,Accepted,,Exact,,https://inpn.mnhn.fr/espece/cd_nom/246214
Harpella forficella,Harpella forficella,Harpella forficella,Harpella,Oecophoridae,Oecophorinae,Species,"(SCOPOLI, 1763)",EBMSM0000000004599,EBMSM0000000004599,450831,3,3,395812 | 395878 | 396022,La Truchère_dunes_boite_oeuf | Piège 1 - boisement feuillus jeunes - Sauvagney | Remoray forêt2 oeufs,246173,246173,"Harpella forficella (Scopoli, 1763)","Harpella forficella (Scopoli, 1763)",species,Oecophoridae,Lepidoptera,Accepted,,Exact,,https://inpn.mnhn.fr/espece/cd_nom/246173
Metalampra italica,Metalampra italica,Metalampra italica,Metalampra,Oecophoridae,Oecophorinae,Species,"BALDIZZONE, 1977",EBMSM0000000004549,EBMSM0000000004549,450781,1,1,395764,Voutenay_Thalsansoeufs02,341841,341841,"Metalampra italica Baldizzone, 1977","Metalampra italica Baldizzone, 1977",species,Oecophoridae,Lepidoptera,Accepted,,Exact,,https://inpn.mnhn.fr/espece/cd_nom/341841
Opostega salaciella,Opostega salaciella,Opostega salaciella,Opostega,Opostegidae,Oposteginae,Species,"(TREITSCHKE, 1833)",EBMSM0000000002768,EBMSM0000000002768,449000,1,1,395813,La Truchère_tourbière,245311,245311,"Opostega salaciella (Treitschke, 1833)","Opostega salaciella (Treitschke, 1833)",species,Opostegidae,Lepidoptera,Accepted,,Exact,,https://inpn.mnhn.fr/espece/cd_nom/245311
Plutella xylostella,Plutella xylostella,Plutella xylostella,Plutella,Plutellidae,,Species,"(LINNAEUS, 1758)",EBMSM0000000004090,EBMSM0000000004090,450322,2,2,397620 | 397624,Mesves_IDB1 | Mesves_IDB2,245818,245818,"Plutella xylostella (Linnaeus, 1758)","Plutella xylostella (Linnaeus, 1758)",species,Plutellidae,Lepidoptera,Accepted,,Exact,,https://inpn.mnhn.fr/espece/cd_nom/245818
Acrobasis advenella,Acrobasis advenella,Acrobasis advenella,Acrobasis,Pyralidae,Phycitinae,Species,"(ZINCKEN, 1818)",EBMSM0000000009984,EBMSM0000000009984,456216,4,3,395441 | 395764 | 395878,côte de Mancy (Lons-le-Saunier) | Voutenay_Thalsansoeufs02 | Piège 1 - boisement feuillus jeunes - Sauvagney,721723,721723,"Acrobasis advenella (Zincken, 1818)","Acrobasis advenella (Zincken, 1818)",species,Pyralidae,Lepidoptera,Accepted,,Exact,,https://inpn.mnhn.fr/espece/cd_nom/721723
Acrobasis consociella,Acrobasis consociella,Acrobasis consociella,Acrobasis,Pyralidae,Phycitinae,Species,"(HÜBNER, [1813])",EBMSM0000000009979,EBMSM0000000009979,456211,6,3,395725 | 395764 | 397620,Voutenay_ThalOeufs | Voutenay_Thalsansoeufs02 | Mesves_IDB1,247967,247967,"Acrobasis consociella (Hübner, 1813)","Acrobasis consociella (Hübner, 1813)",species,Pyralidae,Lepidoptera,Accepted,,Exact,,https://inpn.mnhn.fr/espece/cd_nom/247967
Acrobasis suavella,Acrobasis suavella,Acrobasis suavella,Acrobasis,Pyralidae,Phycitinae,Species,"(ZINCKEN, 1818)",EBMSM0000000009985,EBMSM0000000009985,456217,3,3,395725 | 395764 | 397624,Voutenay_ThalOeufs | Voutenay_Thalsansoeufs02 | Mesves_IDB2,813611,813611,"Acrobasis suavella (Zincken, 1818)","Acrobasis suavella (Zincken, 1818)",species,Pyralidae,Lepidoptera,Accepted,,Exact,,https://inpn.mnhn.fr/espece/cd_nom/813611
Acrobasis tumidana,Acrobasis tumidana,Acrobasis tumidana,Acrobasis,Pyralidae,Phycitinae,Species,"([DENIS & SCHIFFERMÜLLER], 1775)",EBMSM0000000009972,EBMSM0000000009972,456204,3,3,395447 | 395725 | 395764,Sur Mancy (Macornay) | Voutenay_ThalOeufs | Voutenay_Thalsansoeufs02,789478,789478,"Acrobasis tumidana (Denis & Schiffermüller, 1775)","Acrobasis tumidana (Denis & Schiffermüller, 1775)",species,Pyralidae,Lepidoptera,Accepted,,Exact,,https://inpn.mnhn.fr/espece/cd_nom/789478
Ancylosis cinnamomella,Ancylosis cinnamomella,Ancylosis cinnamomella,Ancylosis,Pyralidae,Phycitinae,Species,"(DUPONCHEL, 1836)",EBMSM0000000010068,EBMSM0000000010068,456300,2,2,395764 | 399051,Voutenay_Thalsansoeufs02 | Solanetta_rnn_mantet,247907,247907,"Ancylosis cinnamomella (Duponchel, 1836)","Ancylosis cinnamomella (Duponchel, 1836)",species,Pyralidae,Lepidoptera,Accepted,,Exact,,https://inpn.mnhn.fr/espece/cd_nom/247907
Ancylosis oblitella,Ancylosis oblitella,Ancylosis oblitella,Ancylosis,Pyralidae,Phycitinae,Species,"(ZELLER, 1848)",EBMSM0000000010099,EBMSM0000000010099,456331,1,1,399051,Solanetta_rnn_mantet,247911,247911,"Ancylosis oblitella (Zeller, 1848)","Ancylosis oblitella (Zeller, 1848)",species,Pyralidae,Lepidoptera,Accepted,,Exact,,https://inpn.mnhn.fr/espece/cd_nom/247911
Anerastia lotella,Anerastia lotella,Anerastia lotella,Anerastia,Pyralidae,Phycitinae,Species,"(HÜBNER, [1813])",EBMSM0000000010180,EBMSM0000000010180,456412,1,1,395764,Voutenay_Thalsansoeufs02,248052,248052,"Anerastia lotella (Hübner, 1813)","Anerastia lotella (Hübner, 1813)",species,Pyralidae,Lepidoptera,Accepted,,Exact,,https://inpn.mnhn.fr/espece/cd_nom/248052
Aphomia sociella,Aphomia sociella,Aphomia sociella,Aphomia,Pyralidae,Galleriinae,Species,"(LINNAEUS, 1758)",EBMSM0000000009753,EBMSM0000000009753,455985,2,2,396795 | 397620,Bure - sans-oeuf | Mesves_IDB1,248083,248083,"Aphomia sociella (Linnaeus, 1758)","Aphomia sociella (Linnaeus, 1758)",species,Pyralidae,Lepidoptera,Accepted,,Exact,,https://inpn.mnhn.fr/espece/cd_nom/248083
Apomyelois ceratoniae,Apomyelois ceratoniae,Apomyelois ceratoniae,Apomyelois,Pyralidae,Phycitinae,Species,"(ZELLER, 1839)",EBMSM0000000010017,EBMSM0000000010017,456249,1,1,397624,Mesves_IDB2,247959,247959,"Apomyelois ceratoniae (Zeller, 1839)","Apomyelois ceratoniae (Zeller, 1839)",species,Pyralidae,Lepidoptera,Accepted,,Exact,,https://inpn.mnhn.fr/espece/cd_nom/247959
Dioryctria,Dioryctria,Dioryctria,Dioryctria,Pyralidae,Phycitinae,Genus,,EBMSM0000000001399,EBMSM0000000001399,447631,2,1,399051,Solanetta_rnn_mantet,211315,211315,"Dioryctria Zeller, 1846","Dioryctria Zeller, 1846",genus,Pyralidae,Lepidoptera,Accepted,,Exact,,https://inpn.mnhn.fr/espece/cd_nom/211315
Dioryctria abietella,Dioryctria abietella,Dioryctria abietella,Dioryctria,Pyralidae,Phycitinae,Species,"([DENIS & SCHIFFERMÜLLER], 1775)",EBMSM0000000009871,EBMSM0000000009871,456103,1,1,399051,Solanetta_rnn_mantet,247996,247996,"Dioryctria abietella (Denis & Schiffermüller, 1775)","Dioryctria abietella (Denis & Schiffermüller, 1775)",species,Pyralidae,Lepidoptera,Accepted,,Exact,,https://inpn.mnhn.fr/espece/cd_nom/247996
Dioryctria simplicella,Dioryctria simplicella,Dioryctria simplicella,Dioryctria,Pyralidae,Phycitinae,Species,"HEINEMANN, 1865",EBMSM0000000009873,EBMSM0000000009873,456105,1,1,399055,Sous_col_mantet,247995,247995,"Dioryctria simplicella Heinemann, 1865","Dioryctria simplicella Heinemann, 1865",species,Pyralidae,Lepidoptera,Accepted,,Exact,,https://inpn.mnhn.fr/espece/cd_nom/247995
Endotricha flammealis,Endotricha flammealis,Endotricha flammealis,Endotricha,Pyralidae,Pyralinae,Species,"([DENIS & SCHIFFERMÜLLER], 1775)",EBMSM0000000009737,EBMSM0000000009737,455969,6,4,395725 | 395812 | 395813 | 397624,Voutenay_ThalOeufs | La Truchère_dunes_boite_oeuf | La Truchère_tourbière | Mesves_IDB2,248079,248079,"Endotricha flammealis (Denis & Schiffermüller, 1775)","Endotricha flammealis (Denis & Schiffermüller, 1775)",species,Pyralidae,Lepidoptera,Accepted,,Exact,,https://inpn.mnhn.fr/espece/cd_nom/248079
Gymnancyla canella,Gymnancyla canella,Gymnancyla canella,Gymnancyla,Pyralidae,Phycitinae,Species,"([DENIS & SCHIFFERMÜLLER], 1775)",EBMSM0000000009829,EBMSM0000000009829,456061,1,1,395764,Voutenay_Thalsansoeufs02,247930,247930,"Gymnancyla canella (Denis & Schiffermüller, 1775)","Gymnancyla canella (Denis & Schiffermüller, 1775)",species,Pyralidae,Lepidoptera,Accepted,,Exact,,https://inpn.mnhn.fr/espece/cd_nom/247930
Hypsopygia glaucinalis,Hypsopygia glaucinalis,Hypsopygia glaucinalis,Hypsopygia,Pyralidae,Pyralinae,Species,"(LINNAEUS, 1758)",EBMSM0000000009734,EBMSM0000000009734,455966,2,2,395764 | 395878,Voutenay_Thalsansoeufs02 | Piège 1 - boisement feuillus jeunes - Sauvagney,813867,813867,"Hypsopygia glaucinalis (Linnaeus, 1758)","Hypsopygia glaucinalis (Linnaeus, 1758)",species,Pyralidae,Lepidoptera,Accepted,,Exact,,https://inpn.mnhn.fr/espece/cd_nom/813867
Lamoria zelleri,Lamoria zelleri,Lamoria zelleri,Lamoria,Pyralidae,Galleriinae,Species,"DE JOANNIS, 1932",EBMSM0000000009757,EBMSM0000000009757,455989,1,1,399055,Sous_col_mantet,813625,813625,"Lamoria zelleri (Joannis, 1932)","Lamoria zelleri (Joannis, 1932)",species,Pyralidae,Lepidoptera,Accepted,,Exact,,https://inpn.mnhn.fr/espece/cd_nom/813625
Oncocera semirubella,Oncocera semirubella,Oncocera semirubella,Oncocera,Pyralidae,Phycitinae,Species,"(SCOPOLI, 1763)",EBMSM0000000009786,EBMSM0000000009786,456018,6,4,395441 | 395447 | 396795 | 396800,côte de Mancy (Lons-le-Saunier) | Sur Mancy (Macornay) | Bure - sans-oeuf | Bure - Oeuf,248011,248011,"Oncocera semirubella (Scopoli, 1763)","Oncocera semirubella (Scopoli, 1763)",species,Pyralidae,Lepidoptera,Accepted,,Exact,,https://inpn.mnhn.fr/espece/cd_nom/248011
Phycita roborella,Phycita roborella,Phycita roborella,Phycita,Pyralidae,Phycitinae,Species,"([DENIS & SCHIFFERMÜLLER], 1775)",EBMSM0000000009856,EBMSM0000000009856,456088,6,4,395725 | 395764 | 396800 | 399051,Voutenay_ThalOeufs | Voutenay_Thalsansoeufs02 | Bure - Oeuf | Solanetta_rnn_mantet,247991,247991,"Phycita roborella (Denis & Schiffermüller, 1775)","Phycita roborella (Denis & Schiffermüller, 1775)",species,Pyralidae,Lepidoptera,Accepted,,Exact,,https://inpn.mnhn.fr/espece/cd_nom/247991
Selagia spadicella,Selagia spadicella,Selagia spadicella,Selagia,Pyralidae,Phycitinae,Species,"(HÜBNER, 1796)",EBMSM0000000009852,EBMSM0000000009852,456084,3,2,395725 | 395764,Voutenay_ThalOeufs | Voutenay_Thalsansoeufs02,248018,248018,"Selagia spadicella (Hübner, 1796)","Selagia spadicella (Hübner, 1796)",species,Pyralidae,Lepidoptera,Accepted,,Exact,,https://inpn.mnhn.fr/espece/cd_nom/248018
Synaphe punctalis,Synaphe punctalis,Synaphe punctalis,Synaphe,Pyralidae,Pyralinae,Species,"(FABRICIUS, 1775)",EBMSM0000000009692,EBMSM0000000009692,455924,6,6,395447 | 395764 | 395812 | 395813 | 397624 | 399051,Sur Mancy (Macornay) | Voutenay_Thalsansoeufs02 | La Truchère_dunes_boite_oeuf | La Truchère_tourbière | Mesves_IDB2 | Solanetta_rnn_mantet,248078,248078,"Synaphe punctalis (Fabricius, 1775)","Synaphe punctalis (Fabricius, 1775)",species,Pyralidae,Lepidoptera,Accepted,,Exact,,https://inpn.mnhn.fr/espece/cd_nom/248078
Aglia tau,Aglia tau,Aglia tau,Aglia,Saturniidae,Agliinae,Species,"(LINNAEUS, 1758)",EBMSM0000000010908,EBMSM0000000010908,457140,2,2,396584 | 396585,Montmain 1 | Montmain 2,54724,54724,"Aglia tau (Linnaeus, 1758)","Aglia tau (Linnaeus, 1758)",species,Saturniidae,Lepidoptera,Accepted,,Exact,,https://inpn.mnhn.fr/espece/cd_nom/54724
Deilephila elpenor,Deilephila elpenor,Deilephila elpenor,Deilephila,Sphingidae,Macroglossinae,Species,"(LINNAEUS, 1758)",EBMSM0000000010981,EBMSM0000000010981,457213,3,3,395885 | 397629 | 397630,Comolle 1 | Maire 1 | Maire 2,54854,54854,"Deilephila elpenor (Linnaeus, 1758)","Deilephila elpenor (Linnaeus, 1758)",species,Sphingidae,Lepidoptera,Accepted,,Exact,,https://inpn.mnhn.fr/espece/cd_nom/54854
Deilephila porcellus,Deilephila porcellus,Deilephila porcellus,Deilephila,Sphingidae,Macroglossinae,Species,"(LINNAEUS, 1758)",EBMSM0000000010983,EBMSM0000000010983,457215,1,1,395886,Comolle 2,54856,54856,"Deilephila porcellus (Linnaeus, 1758)","Deilephila porcellus (Linnaeus, 1758)",species,Sphingidae,Lepidoptera,Accepted,,Exact,,https://inpn.mnhn.fr/espece/cd_nom/54856
Laothoe populi,Laothoe populi,Laothoe populi,Laothoe,Sphingidae,Smerinthinae,Species,"(LINNAEUS, 1758)",EBMSM0000000010936,EBMSM0000000010936,457168,20,18,395441 | 395765 | 395767 | 395768 | 395813 | 395877 | 395885 | 396022 | 396414 | 396585 | 396712 | 396800 | 397620 | 397624 | 397629 | 397630 | 397631 | 399051,côte de Mancy (Lons-le-Saunier) | Remoray ZH2 vide | ZA 1 Oeufs | ZA 2 vide | La Truchère_tourbière | Piège 2 - boisement feuillus - Sauvagney | Comolle 1 | Remoray forêt2 oeufs | Varennes 1 | Montmain 2 | Piège 2 - aulnaie - marais de Saône | Bure - Oeuf | Mesves_IDB1 | Mesves_IDB2 | Maire 1 | Maire 2 | Vernay 2 | Solanetta_rnn_mantet,54818,54818,"Laothoe populi (Linnaeus, 1758)","Laothoe populi (Linnaeus, 1758)",species,Sphingidae,Lepidoptera,Accepted,,Exact,,https://inpn.mnhn.fr/espece/cd_nom/54818
Mimas tiliae,Mimas tiliae,Mimas tiliae,Mimas,Sphingidae,Smerinthinae,Species,"(LINNAEUS, 1758)",EBMSM0000000010930,EBMSM0000000010930,457162,2,2,396584 | 396714,Montmain 1 | Piège 1 - boisement feuillus jeunes - Sauvagney,54815,54815,"Mimas tiliae (Linnaeus, 1758)","Mimas tiliae (Linnaeus, 1758)",species,Sphingidae,Lepidoptera,Accepted,,Exact,,https://inpn.mnhn.fr/espece/cd_nom/54815
Smerinthus ocellata,Smerinthus ocellata,Smerinthus ocellata,Smerinthus,Sphingidae,Smerinthinae,Species,"(LINNAEUS, 1758)",EBMSM0000000010933,EBMSM0000000010933,457165,4,4,396414 | 396800 | 397630 | 397631,Varennes 1 | Bure - Oeuf | Maire 2 | Vernay 2,248381,248381,"Smerinthus ocellatus (Linnaeus, 1758)","Smerinthus ocellatus (Linnaeus, 1758)",species,Sphingidae,Lepidoptera,Accepted,,Fuzzy,,https://inpn.mnhn.fr/espece/cd_nom/248381
Sphinx ligustri,Sphinx ligustri,Sphinx ligustri,Sphinx,Sphingidae,Sphinginae,Species,"LINNAEUS, 1758",EBMSM0000000010945,EBMSM0000000010945,457177,3,3,394742 | 395725 | 397620,Vernay 1 | Voutenay_ThalOeufs | Mesves_IDB1,54801,54801,"Sphinx ligustri Linnaeus, 1758","Sphinx ligustri Linnaeus, 1758",species,Sphingidae,Lepidoptera,Accepted,,Exact,,https://inpn.mnhn.fr/espece/cd_nom/54801
Sphinx pinastri,Sphinx pinastri,Sphinx pinastri,Sphinx,Sphingidae,Sphinginae,Species,"LINNAEUS, 1758",EBMSM0000000010947,EBMSM0000000010947,457179,13,11,394742 | 395763 | 395764 | 395767 | 395768 | 396416 | 396795 | 396800 | 397629 | 397630 | 397631,Vernay 1 | Remoray Zh1 ouef | Voutenay_Thalsansoeufs02 | ZA 1 Oeufs | ZA 2 vide | Varennes 2 | Bure - sans-oeuf | Bure - Oeuf | Maire 1 | Maire 2 | Vernay 2,248379,54805,"Sphinx pinastri Linnaeus, 1758","Hyloicus pinastri (Linnaeus, 1758)",species,Sphingidae,Lepidoptera,Synonym,,Exact,,https://inpn.mnhn.fr/espece/cd_nom/248379
Agapeta hamana,Agapeta hamana,Agapeta hamana,Agapeta,Tortricidae,Tortricinae,Species,"(LINNAEUS, 1758)",EBMSM0000000007525,EBMSM0000000007525,453757,3,2,395447 | 396800,Sur Mancy (Macornay) | Bure - Oeuf,247567,247567,"Agapeta hamana (Linnaeus, 1758)","Agapeta hamana (Linnaeus, 1758)",species,Tortricidae,Lepidoptera,Accepted,,Exact,,https://inpn.mnhn.fr/espece/cd_nom/247567
Ancylis comptana,Ancylis comptana,Ancylis comptana,Ancylis,Tortricidae,Olethreutinae,Species,"(FRÖLICH, 1828)",EBMSM0000000008308,EBMSM0000000008308,454540,1,1,395764,Voutenay_Thalsansoeufs02,247232,247232,"Ancylis comptana (Frölich, 1828)","Ancylis comptana (Frölich, 1828)",species,Tortricidae,Lepidoptera,Accepted,,Exact,,https://inpn.mnhn.fr/espece/cd_nom/247232
Archips crataegana,Archips crataegana,Archips crataegana,Archips,Tortricidae,Tortricinae,Species,"(HÜBNER, [1799])",EBMSM0000000007803,EBMSM0000000007803,454035,1,1,397620,Mesves_IDB1,247728,247728,"Archips crataegana (Hübner, 1799)","Archips crataegana (Hübner, 1799)",species,Tortricidae,Lepidoptera,Accepted,,Exact,,https://inpn.mnhn.fr/espece/cd_nom/247728
Archips podana,Archips podana,Archips podana,Archips,Tortricidae,Tortricinae,Species,"(SCOPOLI, 1763)",EBMSM0000000007801,EBMSM0000000007801,454033,3,2,395812 | 395813,La Truchère_dunes_boite_oeuf | La Truchère_tourbière,247727,247727,"Archips podana (Scopoli, 1763)","Archips podana (Scopoli, 1763)",species,Tortricidae,Lepidoptera,Accepted,,Exact,,https://inpn.mnhn.fr/espece/cd_nom/247727
Archips rosana,Archips rosana,Archips rosana,Archips,Tortricidae,Tortricinae,Species,"(LINNAEUS, 1758)",EBMSM0000000007805,EBMSM0000000007805,454037,1,1,395447,Sur Mancy (Macornay),247730,247730,"Archips rosana (Linnaeus, 1758)","Archips rosana (Linnaeus, 1758)",species,Tortricidae,Lepidoptera,Accepted,,Exact,,https://inpn.mnhn.fr/espece/cd_nom/247730
Celypha lacunana,Celypha lacunana,Celypha lacunana,Celypha,Tortricidae,Olethreutinae,Species,"([DENIS & SCHIFFERMÜLLER], 1775)",EBMSM0000000007964,EBMSM0000000007964,454196,1,1,396022,Remoray forêt2 oeufs,247190,247190,"Celypha lacunana (Denis & Schiffermüller, 1775)","Celypha lacunana (Denis & Schiffermüller, 1775)",species,Tortricidae,Lepidoptera,Accepted,,Exact,,https://inpn.mnhn.fr/espece/cd_nom/247190
Cnephasia,Cnephasia,Cnephasia,Cnephasia,Tortricidae,Tortricinae,Genus,,EBMSM0000000001075,EBMSM0000000001075,447307,1,1,399051,Solanetta_rnn_mantet,211560,211560,"Cnephasia Curtis, 1826","Cnephasia Curtis, 1826",genus,Tortricidae,Lepidoptera,Accepted,,Exact,,https://inpn.mnhn.fr/espece/cd_nom/211560
Cnephasia asseclana,Cnephasia asseclana,Cnephasia asseclana,Cnephasia,Tortricidae,Tortricinae,Species,"([DENIS & SCHIFFERMÜLLER], 1775)",EBMSM0000000007735,EBMSM0000000007735,453967,3,3,396020 | 396022 | 397620,Remoray forêt1 vide | Remoray forêt2 oeufs | Mesves_IDB1,247645,247645,"Cnephasia asseclana (Denis & Schiffermüller, 1775)","Cnephasia asseclana (Denis & Schiffermüller, 1775)",species,Tortricidae,Lepidoptera,Accepted,,Exact,,https://inpn.mnhn.fr/espece/cd_nom/247645
Doloploca punctulana,Doloploca punctulana,Doloploca punctulana,Doloploca,Tortricidae,Tortricinae,Species,"([DENIS & SCHIFFERMÜLLER], 1775)",EBMSM0000000007695,EBMSM0000000007695,453927,1,1,395441,côte de Mancy (Lons-le-Saunier),343513,343513,"Doloploca punctulana (Denis & Schiffermüller, 1775)","Doloploca punctulana (Denis & Schiffermüller, 1775)",species,Tortricidae,Lepidoptera,Accepted,,Exact,,https://inpn.mnhn.fr/espece/cd_nom/343513
Eana incanana,Eana incanana,Eana incanana,Eana,Tortricidae,Tortricinae,Species,"(STEPHENS, 1852)",EBMSM0000000007711,EBMSM0000000007711,453943,3,1,399051,Solanetta_rnn_mantet,247662,247662,"Eana incanana (Stephens, 1852)","Eana incanana (Stephens, 1852)",species,Tortricidae,Lepidoptera,Accepted,,Exact,,https://inpn.mnhn.fr/espece/cd_nom/247662
Eana penziana,Eana penziana,Eana penziana,Eana,Tortricidae,Tortricinae,Species,"(THUNBERG & BECKLIN, 1791)",EBMSM0000000007723,EBMSM0000000007723,453955,1,1,399051,Solanetta_rnn_mantet,247670,247670,"Eana penziana (Thunberg, 1791)","Eana penziana (Thunberg, 1791)",species,Tortricidae,Lepidoptera,Accepted,,Exact,,https://inpn.mnhn.fr/espece/cd_nom/247670
Notocelia cynosbatella,Notocelia cynosbatella,Notocelia cynosbatella,Notocelia,Tortricidae,Olethreutinae,Species,"(LINNAEUS, 1758)",EBMSM0000000008259,EBMSM0000000008259,454491,1,1,395813,La Truchère_tourbière,247261,247261,"Notocelia cynosbatella (Linnaeus, 1758)","Notocelia cynosbatella (Linnaeus, 1758)",species,Tortricidae,Lepidoptera,Accepted,,Exact,,https://inpn.mnhn.fr/espece/cd_nom/247261
Notocelia roborana,Notocelia roborana,Notocelia roborana,Notocelia,Tortricidae,Olethreutinae,Species,"([DENIS & SCHIFFERMÜLLER], 1775)",EBMSM0000000008262,EBMSM0000000008262,454494,1,1,399051,Solanetta_rnn_mantet,247264,247264,"Notocelia roborana (Denis & Schiffermüller, 1775)","Notocelia roborana (Denis & Schiffermüller, 1775)",species,Tortricidae,Lepidoptera,Accepted,,Exact,,https://inpn.mnhn.fr/espece/cd_nom/247264
Notocelia uddmanniana,Notocelia uddmanniana,Notocelia uddmanniana,Notocelia,Tortricidae,Olethreutinae,Species,"(LINNAEUS, 1758)",EBMSM0000000008261,EBMSM0000000008261,454493,1,1,397624,Mesves_IDB2,247263,247263,"Notocelia uddmanniana (Linnaeus, 1758)","Notocelia uddmanniana (Linnaeus, 1758)",species,Tortricidae,Lepidoptera,Accepted,,Exact,,https://inpn.mnhn.fr/espece/cd_nom/247263
Orthotaenia undulana,Orthotaenia undulana,Orthotaenia undulana,Orthotaenia,Tortricidae,Olethreutinae,Species,"([DENIS & SCHIFFERMÜLLER], 1775)",EBMSM0000000007944,EBMSM0000000007944,454176,1,1,396022,Remoray forêt2 oeufs,247201,247201,"Orthotaenia undulana (Denis & Schiffermüller, 1775)","Orthotaenia undulana (Denis & Schiffermüller, 1775)",species,Tortricidae,Lepidoptera,Accepted,,Exact,,https://inpn.mnhn.fr/espece/cd_nom/247201
Pandemis cerasana,Pandemis cerasana,Pandemis cerasana,Pandemis,Tortricidae,Tortricinae,Species,"(HÜBNER, 1786)",EBMSM0000000007821,EBMSM0000000007821,454053,1,1,396022,Remoray forêt2 oeufs,247715,247715,"Pandemis cerasana (Hübner, 1786)","Pandemis cerasana (Hübner, 1786)",species,Tortricidae,Lepidoptera,Accepted,,Exact,,https://inpn.mnhn.fr/espece/cd_nom/247715
Paramesia gnomana,Paramesia gnomana,Paramesia gnomana,Paramesia,Tortricidae,Tortricinae,Species,"(CLERCK, 1759)",EBMSM0000000007787,EBMSM0000000007787,454019,1,1,395813,La Truchère_tourbière,247684,247684,"Paramesia gnomana (Clerck, 1759)","Paramesia gnomana (Clerck, 1759)",species,Tortricidae,Lepidoptera,Accepted,,Exact,,https://inpn.mnhn.fr/espece/cd_nom/247684
Tortrix viridana,Tortrix viridana,Tortrix viridana,Tortrix,Tortricidae,Tortricinae,Species,"LINNAEUS, 1758",EBMSM0000000007635,EBMSM0000000007635,453867,2,2,396585 | 397624,Montmain 2 | Mesves_IDB2,247639,247639,"Tortrix viridana (Linnaeus, 1758)","Tortrix viridana (Linnaeus, 1758)",species,Tortricidae,Lepidoptera,Accepted,,Exact,,https://inpn.mnhn.fr/espece/cd_nom/247639
Yponomeuta,Yponomeuta,Yponomeuta,Yponomeuta,Yponomeutidae,Yponomeutinae,Genus,,EBMSM0000000000702,EBMSM0000000000702,446934,1,1,395447,Sur Mancy (Macornay),211660,211660,"Yponomeuta Latreille, 1796","Yponomeuta Latreille, 1796",genus,Yponomeutidae,Lepidoptera,Accepted,,Exact,,https://inpn.mnhn.fr/espece/cd_nom/211660
Adscita statices,Adscita statices,Adscita statices,Adscita,Zygaenidae,Procridinae,Species,"(LINNAEUS, 1758)",EBMSM0000000008839,EBMSM0000000008839,455071,1,1,396795,Bure - sans-oeuf,247063,247063,"Adscita statices (Linnaeus, 1758)","Adscita statices (Linnaeus, 1758)",species,Zygaenidae,Lepidoptera,Accepted,,Exact,,https://inpn.mnhn.fr/espece/cd_nom/247063
